P,P_lag1,Q_lag1
0.11168,1.6285,91.051
2.7512,0.11168,90.686
1.8307,2.7512,78.098
0.74479,1.8307,71.932
0.10747,0.74479,70.925
0.049367,0.10747,64.672
4.2932,0.049367,57.593
1.2466,4.2932,52.684
0.98922,1.2466,53.232
0.76795,0.98922,59.245
3.6538,0.76795,55.654
4.1832,3.6538,51.674
4.4365,4.1832,46.347
1.0512,4.4365,40.245
2.5323,1.0512,42.735
4.7762,2.5323,42.092
1.8622,4.7762,41.402
2.1219,1.8622,89.616
0.16007,2.1219,164.1
0.000204,0.16007,109.74
0.0,0.000204,88.091
0.00294,0.0,76.084
0.0019192,0.00294,66.295
0.0,0.0019192,59.42
0.0,0.0,55.214
0.0,0.0,51.476
0.0,0.0,47.247
0.0089016,0.0,44.629
0.0035933,0.0089016,41.975
0.11454,0.0035933,39.414
2.2115,0.11454,36.714
0.49976,2.2115,35.641
0.015557,0.49976,35.749
0.87583,0.015557,34.602
0.6236,0.87583,32.041
0.21392,0.6236,30.483
8.1428,0.21392,29.455
4.5575,8.1428,28.271
5.5997,4.5575,32.258
0.36276,5.5997,37.009
1.2069,0.36276,57.495
0.13303,1.2069,52.936
0.020743,0.13303,47.28
0.00196,0.020743,43.038
0.0040425,0.00196,39.564
0.0076358,0.0040425,36.722
0.41347,0.0076358,33.737
0.42401,0.41347,31.77
0.034463,0.42401,29.284
0.0,0.034463,27.816
0.0,0.0,26.43
0.04606,0.0,26.522
0.0,0.04606,25.392
0.0075541,0.0,25.035
6.9578,0.0075541,23.66
7.6115,6.9578,23.559
1.7314,7.6115,25.194
2.5548,1.7314,37.426
12.904,2.5548,35.615
0.17607,12.904,34.307
4.2488,0.17607,62.82
0.68893,4.2488,60.583
3.0916,0.68893,53.905
9.522,3.0916,52.114
3.0306,9.522,47.817
0.18567,3.0306,56.492
0.01029,0.18567,76.385
0.0,0.01029,64.901
0.0020008,0.0,55.88
0.0,0.0020008,49.607
1.2203,0.0,44.53
0.32528,1.2203,41.327
0.34116,0.32528,38.756
1.0507,0.34116,36.902
6.6695,1.0507,35.123
2.4986,6.6695,32.829
0.78804,2.4986,33.54
0.46011,0.78804,36.444
1.2215,0.46011,35.323
5.5076,1.2215,34.176
0.58179,5.5076,33.627
2.154,0.58179,33.06
3.652,2.154,34.966
12.995,3.652,35.132
3.3515,12.995,35.473
1.8405,3.3515,58.915
2.2612,1.8405,66.685
1.7658,2.2612,58.031
1.8678,1.7658,52.989
5.3089,1.8678,50.326
7.0361,5.3089,49.058
3.7607,7.0361,48.203
12.233,3.7607,60.688
1.332,12.233,68.884
1.5255,1.332,103.87
2.8731,1.5255,97.698
1.0082,2.8731,78.171
3.2416,1.0082,68.415
7.5088,3.2416,64.62
0.2548,7.5088,63.953
1.3435,0.2548,83.462
0.3022,1.3435,71.373
0.012168,0.3022,60.551
8.17e-05,0.012168,54.521
0.0,8.17e-05,49.629
0.08726,0.0,45.231
0.34884,0.08726,42.011
1.7829,0.34884,39.175
0.17015,1.7829,36.524
0.098408,0.17015,34.108
0.30269,0.098408,32.261
0.0041241,0.30269,30.932
0.0,0.0041241,29.59
0.0,0.0,27.907
0.0,0.0,26.976
0.000694,0.0,26.24
0.1345,0.000694,25.259
0.03528,0.1345,23.976
8.7673,0.03528,23.315
2.3849,8.7673,22.703
2.1916,2.3849,24.089
0.046386,2.1916,23.486
0.010862,0.046386,22.128
0.0,0.010862,20.289
0.0,0.0,18.525
0.0,0.0,18.263
0.0,0.0,18.495
0.000245,0.0,17.911
0.40127,0.000245,17.183
1.6535,0.40127,16.52
0.99261,1.6535,16.015
2.7505,0.99261,15.607
2.512,2.7505,15.64
0.20233,2.512,15.384
2.4579,0.20233,15.434
0.27783,2.4579,14.412
0.1285,0.27783,13.773
0.053328,0.1285,12.985
0.002205,0.053328,11.496
0.0015517,0.002205,12.825
1.3423,0.0015517,12.733
0.014496,1.3423,11.393
0.51903,0.014496,11.824
0.10314,0.51903,11.568
0.0,0.10314,11.231
0.16721,0.0,11.079
2.4218,0.16721,10.325
1.3571,2.4218,9.823
0.94169,1.3571,9.958
3.0816,0.94169,10.024
5.5785,3.0816,9.652
7.895,5.5785,9.448
10.213,7.895,10.167
4.9349,10.213,12.45
18.723,4.9349,16.672
4.8205,18.723,15.215
0.99469,4.8205,28.167
1.0406,0.99469,35.057
0.14577,1.0406,29.578
1.657,0.14577,23.504
6.8563,1.657,20.99
0.11564,6.8563,19.951
1.2568,0.11564,20.594
3.1429,1.2568,19.794
0.8835,3.1429,18.082
3.0401,0.8835,16.835
0.44287,3.0401,16.111
3.0112,0.44287,15.174
0.047734,3.0112,14.313
1.0327,0.047734,13.503
4.0262,1.0327,13.165
1.3366,4.0262,12.751
0.28412,1.3366,12.03
7.5849,0.28412,11.362
10.634,7.5849,11.653
4.7055,10.634,11.983
4.4775,4.7055,15.866
1.7256,4.4775,20.007
0.49057,1.7256,19.945
0.8608,0.49057,20.642
0.035851,0.8608,18.853
0.0,0.035851,16.736
0.0,0.0,15.258
0.0,0.0,14.719
0.0,0.0,14.012
0.0,0.0,12.112
0.0,0.0,11.132
0.11445,0.0,11.21
0.62368,0.11445,9.952
20.69,0.62368,9.708
0.28265,20.69,10.236
0.023152,0.28265,16.95
0.080523,0.023152,13.284
2.1347,0.080523,10.892
10.706,2.1347,9.438
5.3568,10.706,10.315
3.0461,5.3568,13.83
2.9216,3.0461,15.658
1.5071,2.9216,15.233
0.039486,1.5071,14.348
0.072764,0.039486,13.534
0.0,0.072764,12.02
0.013189,0.0,11.193
0.086933,0.013189,9.932
0.75051,0.086933,9.836
1.8563,0.75051,9.287
0.65455,1.8563,9.243
0.58506,0.65455,8.668
0.43471,0.58506,8.67
0.66027,0.43471,8.737
0.40764,0.66027,9.081
8.467,0.40764,9.176
0.26219,8.467,8.489
0.52368,0.26219,8.616
0.47121,0.52368,9.364
0.018947,0.47121,8.078
0.052389,0.018947,7.298
0.11368,0.052389,6.789
0.18248,0.11368,7.423
0.19922,0.18248,7.241
4.2332,0.19922,7.245
5.0893,4.2332,7.06
3.7687,5.0893,7.184
0.16938,3.7687,7.753
0.06962,0.16938,7.215
0.12666,0.06962,7.011
1.4105,0.12666,7.465
2.2808,1.4105,6.748
0.80241,2.2808,6.201
4.1127,0.80241,5.97
18.753,4.1127,5.798
1.1405,18.753,6.059
0.45365,1.1405,8.956
1.6778,0.45365,12.261
0.75427,1.6778,11.319
2.5209,0.75427,9.871
0.17015,2.5209,9.882
0.050143,0.17015,9.525
0.23197,0.050143,9.272
0.033524,0.23197,8.331
0.018375,0.033524,7.755
13.562,0.018375,7.376
0.0035933,13.562,6.727
2.8717,0.0035933,7.727
0.48236,2.8717,7.903
7.1802,0.48236,6.804
2.2223,7.1802,6.194
2.042,2.2223,5.981
0.93075,2.042,6.401
0.92381,0.93075,6.769
4.7548,0.92381,6.581
2.1442,4.7548,6.519
12.593,2.1442,6.614
0.78342,12.593,6.922
1.0704,0.78342,9.061
1.6374,1.0704,12.748
2.1944,1.6374,12.683
0.51102,2.1944,11.267
0.072805,0.51102,10.29
0.70465,0.072805,9.606
28.368,0.70465,9.032
7.2349,28.368,14.682
5.1065,7.2349,47.67
1.6506,5.1065,46.253
1.5836,1.6506,48.679
1.1699,1.5836,46.299
0.31339,1.1699,40.25
0.010453,0.31339,35.878
0.004655,0.010453,31.522
0.0044508,0.004655,27.963
0.0043283,0.0044508,24.815
0.35876,0.0043283,22.28
0.010167,0.35876,20.883
4.3027,0.010167,19.356
0.3508,4.3027,18.217
0.50135,0.3508,17.042
3.2343,0.50135,16.719
4.36,3.2343,16.643
4.8987,4.36,16.457
5.3615,4.8987,16.269
1.2192,5.3615,17.656
0.53773,1.2192,19.374
0.76942,0.53773,20.889
1.6226,0.76942,21.182
1.4313,1.6226,19.595
2.9269,1.4313,18.563
0.29788,2.9269,18.232
0.95039,0.29788,17.922
8.5032,0.95039,18.22
0.97227,8.5032,17.212
0.96488,0.97227,19.096
34.989,0.96488,23.664
14.144,34.989,22.619
0.065945,14.144,72.668
0.076521,0.065945,214.83
0.069947,0.076521,131.88
0.56252,0.069947,97.358
5.6243,0.56252,81.414
0.13748,5.6243,70.55
0.22295,0.13748,64.786
0.18297,0.22295,62.834
2.4304,0.18297,55.151
0.16529,2.4304,47.819
0.000204,0.16529,42.758
0.037689,0.000204,40.037
0.0013475,0.037689,36.426
0.0044916,0.0013475,33.254
0.0,0.0044916,31.4
0.031033,0.0,30.331
5.0365,0.031033,28.838
10.798,5.0365,27.137
3.8462,10.798,27.172
6.7395,3.8462,39.949
8.0826,6.7395,44.274
9.1342,8.0826,47.815
0.36051,9.1342,72.4
11.545,0.36051,105.57
4.1824,11.545,91.487
0.81944,4.1824,98.521
0.37746,0.81944,109.73
3.0534,0.37746,94.71
0.44724,3.0534,81.071
0.10808,0.44724,76.795
0.41082,0.10808,71.658
1.1666,0.41082,64.781
0.024214,1.1666,60.119
0.010657,0.024214,57.204
0.5196,0.010657,53.18
1.7113,0.5196,49.498
0.28734,1.7113,45.795
5.6224,0.28734,43.004
0.096529,5.6224,40.073
0.05047,0.096529,38.308
0.049245,0.05047,38.962
0.043487,0.049245,36.518
0.069784,0.043487,34.97
0.075214,0.069784,33.254
0.096203,0.075214,31.38
0.74096,0.096203,29.718
0.0086566,0.74096,28.158
0.0,0.0086566,27.12
0.000653,0.0,25.921
0.0046141,0.000653,24.956
1.2719,0.0046141,23.818
0.29036,1.2719,23.161
0.014087,0.29036,22.747
0.31315,0.014087,22.812
3.7878,0.31315,22.635
3.7802,3.7878,22.053
4.9157,3.7802,22.176
0.95892,4.9157,22.455
0.65476,0.95892,27.869
3.4597,0.65476,30.817
0.28991,3.4597,29.739
0.10163,0.28991,29.127
0.071866,0.10163,30.046
2.2173,0.071866,28.744
5.5647,2.2173,27.781
11.374,5.5647,26.935
2.1117,11.374,26.329
3.9668,2.1117,42.558
1.552,3.9668,69.781
7.9992,1.552,62.603
2.6119,7.9992,60.802
8.2549,2.6119,65.891
8.0432,8.2549,67.384
9.4383,8.0432,75.301
2.0653,9.4383,102.86
3.8281,2.0653,112.9
0.39004,3.8281,121.22
4.2575,0.39004,100.13
3.8656,4.2575,85.546
2.5444,3.8656,77.488
0.708,2.5444,83.185
2.4157,0.708,88.716
7.7457,2.4157,76.274
0.51205,7.7457,69.656
0.32907,0.51205,85.62
0.63704,0.32907,81.815
5.305,0.63704,69.599
0.34341,5.305,62.884
23.675,0.34341,63.402
2.0711,23.675,68.475
0.55125,2.0711,200.82
3.9507,0.55125,160.36
13.299,3.9507,112.85
9.0209,13.299,97.552
1.2114,9.0209,124.32
3.0192,1.2114,236.26
1.1666,3.0192,171.06
0.71576,1.1666,127.75
13.821,0.71576,109.7
1.3161,13.821,98.725
1.0563,1.3161,131.24
9.9474,1.0563,147.87
6.6782,9.9474,113.08
2.6977,6.6782,127.54
9.8282,2.6977,145.49
3.0599,9.8282,126.03
0.44059,3.0599,144.26
0.70425,0.44059,128.99
5.4058,0.70425,110.59
4.9634,5.4058,96.295
8.6706,4.9634,97.831
2.755,8.6706,98.933
0.93254,2.755,127.5
4.5159,0.93254,119.24
3.0138,4.5159,104.2
5.7116,3.0138,99.05
5.4566,5.7116,102.88
0.27877,5.4566,110.44
0.11837,0.27877,129.31
0.098979,0.11837,104.68
0.03724,0.098979,90.77
0.0055533,0.03724,80.764
0.0015925,0.0055533,72.894
0.18065,0.0015925,66.811
0.042344,0.18065,61.643
0.24924,0.042344,57.464
2.385,0.24924,53.417
0.73981,2.385,50.656
0.12552,0.73981,48.854
0.11968,0.12552,46.481
1.365,0.11968,43.716
0.017068,1.365,41.277
2.9365,0.017068,39.279
0.58028,2.9365,37.308
2.2965,0.58028,37.041
1.1487,2.2965,35.434
1.3793,1.1487,34.106
0.26586,1.3793,33.165
1.0655,0.26586,32.402
6.5706,1.0655,31.184
0.91788,6.5706,30.452
0.70163,0.91788,35.789
1.451,0.70163,33.989
10.85,1.451,32.276
13.255,10.85,30.908
7.2519,13.255,45.373
0.46292,7.2519,95.718
11.364,0.46292,121.84
7.6304,11.364,86.269
1.8218,7.6304,105.81
5.3931,1.8218,138.35
2.8419,5.3931,113.55
9.8722,2.8419,109.56
2.6866,9.8722,103.67
6.7287,2.6866,120.97
2.8833,6.7287,101.17
1.9357,2.8833,98.056
2.0892,1.9357,98.168
1.5473,2.0892,86.291
1.8965,1.5473,78.414
1.3262,1.8965,72.271
2.2488,1.3262,66.352
0.83716,2.2488,61.285
0.0086566,0.83716,56.936
0.0,0.0086566,53.74
0.0,0.0,48.911
0.0,0.0,44.933
0.0,0.0,42.27
0.0,0.0,39.67
0.023969,0.0,37.713
0.0,0.023969,36.222
0.00392,0.0,34.212
0.0,0.00392,32.461
0.0,0.0,30.751
0.000327,0.0,28.941
0.41254,0.000327,28.058
5.4249,0.41254,27.112
3.127,5.4249,26.349
4.1672,3.127,27.1
0.28371,4.1672,27.855
0.8639,0.28371,27.439
5.2502,0.8639,26.095
0.2655,5.2502,24.301
0.016578,0.2655,24.857
0.10216,0.016578,24.306
0.002695,0.10216,22.628
0.0,0.002695,21.869
0.97003,0.0,21.19
0.0092283,0.97003,20.437
0.000245,0.0092283,19.69
0.42393,0.000245,18.769
3.5446,0.42393,17.903
4.5379,3.5446,17.576
4.5863,4.5379,18.074
3.8359,4.5863,18.767
1.6477,3.8359,19.815
0.049326,1.6477,22.032
0.0097999,0.049326,23.309
0.17664,0.0097999,21.671
0.020457,0.17664,19.505
0.0,0.020457,18.257
0.0093508,0.0,18.102
0.25288,0.0093508,17.026
2.9657,0.25288,16.384
0.050592,2.9657,16.173
0.0,0.050592,15.395
0.0,0.0,14.359
0.0,0.0,13.47
0.0,0.0,12.662
3.0064,0.0,12.529
0.34181,3.0064,12.125
0.0,0.34181,11.244
0.0,0.0,10.894
0.47395,0.0,10.651
8.6461,0.47395,11.254
8.6322,8.6461,11.025
3.2506,8.6322,12.228
2.8635,3.2506,13.044
4.5975,2.8635,12.594
5.3027,4.5975,11.681
5.9987,5.3027,11.789
4.067,5.9987,12.879
2.4584,4.067,14.691
0.85231,2.4584,15.756
1.7442,0.85231,17.068
6.1536,1.7442,16.158
0.18285,6.1536,15.409
0.55484,0.18285,16.574
19.253,0.55484,16.654
1.0036,19.253,15.121
0.0092691,1.0036,24.119
0.0,0.0092691,29.317
0.0,0.0,24.688
0.0,0.0,21.08
0.0,0.0,18.878
0.0,0.0,16.791
0.0,0.0,15.021
0.0,0.0,14.065
0.0,0.0,13.181
0.0,0.0,12.736
0.0,0.0,11.997
0.29036,0.0,11.503
0.69432,0.29036,10.952
0.31764,0.69432,10.496
0.13148,0.31764,10.043
0.0,0.13148,9.913
0.0,0.0,9.659
6.3539,0.0,9.405
0.063699,6.3539,9.168
0.000408,0.063699,9.23
0.016987,0.000408,8.994
0.73863,0.016987,9.498
3.7419,0.73863,8.945
2.5651,3.7419,8.252
19.178,2.5651,8.113
0.89747,19.178,8.125
0.68428,0.89747,9.527
1.0552,0.68428,12.347
4.2948,1.0552,10.71
1.9523,4.2948,9.128
1.1837,1.9523,9.12
12.734,1.1837,8.985
2.0927,12.734,8.849
0.80306,2.0927,9.74
11.403,0.80306,11.455
1.5706,11.403,11.223
0.021151,1.5706,10.821
0.36889,0.021151,12.147
0.12462,0.36889,12.408
0.037648,0.12462,10.626
0.97795,0.037648,9.816
0.1247,0.97795,9.53
1.816,0.1247,8.907
1.1834,1.816,8.591
3.6119,1.1834,8.47
2.6219,3.6119,8.282
5.1294,2.6219,8.214
3.6315,5.1294,8.367
3.3909,3.6315,8.159
12.011,3.3909,8.007
4.6666,12.011,7.951
3.5537,4.6666,8.628
3.3077,3.5537,9.954
1.2631,3.3077,11.043
1.1116,1.2631,10.994
0.070355,1.1116,10.797
0.85925,0.070355,10.37
0.12801,0.85925,9.691
0.29245,0.12801,9.464
0.000449,0.29245,9.194
0.058514,0.000449,8.734
7.3372,0.058514,8.382
3.0472,7.3372,8.163
1.2807,3.0472,8.211
4.8577,1.2807,8.29
1.3276,4.8577,8.338
12.943,1.3276,8.499
0.77975,12.943,8.756
0.0,0.77975,9.883
0.10506,0.0,11.841
10.089,0.10506,12.071
3.0262,10.089,11.144
6.3831,3.0262,11.802
0.68853,6.3831,13.812
0.04802,0.68853,15.612
0.21466,0.04802,17.543
0.89673,0.21466,16.586
1.3429,0.89673,14.915
0.13197,1.3429,13.88
5.6911,0.13197,13.325
0.52425,5.6911,12.31
1.5159,0.52425,11.686
2.6353,1.5159,11.947
4.3025,2.6353,11.297
18.419,4.3025,10.918
14.138,18.419,11.154
1.2499,14.138,15.428
2.1038,1.2499,34.521
5.378,2.1038,44.672
4.245,5.378,38.12
2.4461,4.245,34.413
0.25643,2.4461,34.789
0.1194,0.25643,37.48
0.34806,0.1194,35.333
4.1087,0.34806,31.851
1.4985,4.1087,28.699
0.53552,1.4985,26.641
0.066354,0.53552,24.823
0.000857,0.066354,22.992
0.0,0.000857,20.86
0.0,0.0,19.342
0.0,0.0,17.735
0.0,0.0,16.687
0.05884,0.0,15.569
0.18069,0.05884,14.588
2.7815,0.18069,13.873
8.3786,2.7815,13.131
3.6684,8.3786,13.251
2.4774,3.6684,13.488
7.8249,2.4774,14.763
0.58322,7.8249,14.978
5.4811,0.58322,17.899
1.4121,5.4811,20.85
0.66709,1.4121,21.343
0.076725,0.66709,21.66
2.6114,0.076725,20.736
2.3367,2.6114,18.731
10.455,2.3367,17.263
5.902,10.455,16.714
3.1857,5.902,19.069
6.8208,3.1857,37.456
1.0854,6.8208,42.443
1.0665,1.0854,46.414
0.69661,1.0665,45.809
3.5256,0.69661,41.457
3.3697,3.5256,37.147
3.256,3.3697,33.598
0.36876,3.256,33.043
0.19269,0.36876,35.183
0.41756,0.19269,33.792
0.3922,0.41756,30.676
0.48359,0.3922,28.185
9.7579,0.48359,26.809
1.4874,9.7579,25.691
0.62458,1.4874,28.134
11.643,0.62458,30.98
2.6048,11.643,29.314
3.2118,2.6048,39.569
1.8803,3.2118,54.717
17.818,1.8803,53.056
0.78375,17.818,51.664
2.455,0.78375,102.5
0.015762,2.455,102.48
0.061004,0.015762,81.294
0.000857,0.061004,69.533
0.0,0.000857,60.647
0.000735,0.0,53.948
0.099673,0.000735,47.877
0.0,0.099673,43.687
1.9069,0.0,40.164
0.15786,1.9069,36.534
0.45651,0.15786,34.375
0.13965,0.45651,32.353
7.8735,0.13965,30.746
5.2367,7.8735,29.736
2.035,5.2367,32.632
0.10702,2.035,37.305
0.61923,0.10702,43.299
0.0041241,0.61923,41.358
0.010331,0.0041241,37.316
0.0,0.010331,34.429
0.72556,0.0,32.11
1.1575,0.72556,30.801
0.054349,1.1575,29.52
1.5796,0.054349,28.536
0.028787,1.5796,26.892
0.048387,0.028787,26.158
0.0020825,0.048387,25.075
0.0015108,0.0020825,23.847
0.0,0.0015108,23.112
0.017191,0.0,23.253
0.0,0.017191,21.69
6.3775,0.0,21.173
0.992,6.3775,20.715
7.578,0.992,21.21
0.38403,7.578,23.688
1.0552,0.38403,28.824
3.0664,1.0552,32.25
8.4624,3.0664,30.118
0.3296,8.4624,29.903
0.85888,0.3296,43.243
0.10094,0.85888,41.816
0.13483,0.10094,37.117
1.0862,0.13483,34.178
0.10159,1.0862,32.197
0.014332,0.10159,30.744
0.11433,0.014332,29.88
0.11433,0.11433,27.803
0.062924,0.11433,26.626
0.097101,0.062924,25.536
0.37869,0.097101,24.625
0.23887,0.37869,23.947
0.4962,0.23887,23.33
2.4984,0.4962,22.368
5.9096,2.4984,21.609
1.4813,5.9096,21.725
1.5314,1.4813,22.471
19.315,1.5314,26.039
8.5512,19.315,27.815
0.83099,8.5512,70.113
5.8946,0.83099,96.766
2.9614,5.8946,94.534
1.4203,2.9614,83.038
0.065496,1.4203,85.467
0.0017558,0.065496,77.226
0.018252,0.0017558,68.212
0.0077174,0.018252,60.73
0.000817,0.0077174,54.057
0.10519,0.000817,49.009
6.1291,0.10519,44.842
2.4827,6.1291,41.52
6.3953,2.4827,40.977
0.29261,6.3953,44.063
0.47918,0.29261,54.809
3.4667,0.47918,54.61
0.18314,3.4667,49.798
0.30265,0.18314,47.31
12.704,0.30265,45.95
1.7002,12.704,44.7
7.1862,1.7002,73.867
0.31466,7.1862,73.539
0.16684,0.31466,76.153
1.651,0.16684,71.223
0.054757,1.651,62.469
0.16043,0.054757,57.763
0.25606,0.16043,51.394
2.4174,0.25606,47.994
0.26154,2.4174,45.212
0.90331,0.26154,43.173
0.88191,0.90331,40.502
0.76611,0.88191,38.324
6.4751,0.76611,37.14
0.53895,6.4751,35.737
6.0993,0.53895,41.067
0.10269,6.0993,43.267
0.13279,0.10269,41.721
0.000776,0.13279,41.388
0.0083299,0.000776,38.509
0.13218,0.0083299,35.789
1.8639,0.13218,34.201
2.7823,1.8639,32.28
6.8428,2.7823,31.293
0.23512,6.8428,34.154
1.208,0.23512,43.731
1.6533,1.208,40.747
0.29539,1.6533,36.536
12.533,0.29539,34.565
1.9499,12.533,35.546
4.6287,1.9499,68.108
6.9155,4.6287,59.209
1.2436,6.9155,59.285
4.2375,1.2436,63.636
0.37162,4.2375,69.607
1.4069,0.37162,63.266
1.965,1.4069,60.998
5.8114,1.965,55.903
7.2033,5.8114,54.017
1.1111,7.2033,56.402
2.0032,1.1111,75.408
2.6274,2.0032,72.842
1.4271,2.6274,68.581
0.31617,1.4271,65.432
1.8726,0.31617,64.535
2.3317,1.8726,61.796
1.6405,2.3317,56.414
1.3243,1.6405,54.833
4.2053,1.3243,53.166
2.0987,4.2053,50.027
0.53067,2.0987,47.5
1.0448,0.53067,50.664
0.461,1.0448,47.512
3.0322,0.461,44.849
0.77534,3.0322,42.719
6.9627,0.77534,41.025
7.2184,6.9627,39.491
0.5254,7.2184,43.122
0.91094,0.5254,70.712
5.1359,0.91094,64.81
2.594,5.1359,56.8
9.9212,2.594,57.754
0.29526,9.9212,56.487
0.34341,0.29526,77.543
3.2484,0.34341,70.099
2.931,3.2484,59.08
5.8242,2.931,54.027
2.1811,5.8242,55.731
4.5368,2.1811,67.251
1.7227,4.5368,65.133
6.7428,1.7227,65.132
0.54994,6.7428,65.665
3.1094,0.54994,72.268
1.1288,3.1094,70.995
8.9577,1.1288,64.982
0.040302,8.9577,60.426
1.3752,0.040302,65.414
1.9722,1.3752,69.261
0.22376,1.9722,61.169
8.9018,0.22376,56.526
1.7572,8.9018,53.497
0.62254,1.7572,56.177
2.1441,0.62254,58.061
8.8143,2.1441,51.182
7.6004,8.8143,48.775
1.497,7.6004,59.09
0.19265,1.497,78.335
2.9037,0.19265,77.188
6.4264,2.9037,64.588
9.9471,6.4264,57.728
1.0639,9.9471,59.265
2.1035,1.0639,95.427
0.45651,2.1035,82.869
2.7958,0.45651,70.984
0.82801,2.7958,62.54
4.08e-05,0.82801,57.579
0.0,4.08e-05,53.856
0.0015517,0.0,48.898
0.001715,0.0015517,44.302
0.0052675,0.001715,40.832
0.13728,0.0052675,37.738
0.094324,0.13728,35.659
1.2461,0.094324,33.717
0.65329,1.2461,31.677
7.4846,0.65329,30.613
0.53422,7.4846,30.374
4.3034,0.53422,32.3
0.52687,4.3034,30.518
2.0976,0.52687,29.964
0.29036,2.0976,29.467
2.8605,0.29036,28.554
0.80057,2.8605,26.914
0.1022,0.80057,25.779
0.0,0.1022,25.518
0.0,0.0,24.387
0.0,0.0,23.096
0.015802,0.0,22.415
0.052797,0.015802,21.856
0.3949,0.052797,20.876
1.1699,0.3949,20.156
1.2131,1.1699,16.288
0.04806,1.2131,15.896
0.29922,0.04806,15.765
0.0035933,0.29922,15.392
0.10964,0.0035933,15.007
0.52242,0.10964,14.172
0.17015,0.52242,13.95
0.048305,0.17015,13.837
0.0,0.048305,13.341
0.0,0.0,13.063
0.0,0.0,12.584
0.0,0.0,12.407
0.014782,0.0,11.988
0.68118,0.014782,11.607
0.18681,0.68118,11.128
2.9892,0.18681,10.852
0.14806,2.9892,10.816
0.099755,0.14806,10.98
1.3978,0.099755,11.02
1.6772,1.3978,10.763
1.6527,1.6772,10.913
1.6508,1.6527,10.532
4.1106,1.6508,10.576
0.25721,4.1106,11.445
0.19731,0.25721,10.94
15.127,0.19731,10.291
0.89441,15.127,9.397
0.0,0.89441,11.08
0.00343,0.0,10.672
0.0,0.00343,8.641
0.0,0.0,7.428
0.0,0.0,7.087
0.0,0.0,6.67
0.0,0.0,6.208
0.0,0.0,5.789
0.021315,0.0,5.847
0.0,0.021315,6.101
0.11695,0.0,6.273
9.739,0.11695,6.601
5.1457,9.739,6.722
3.9816,5.1457,7.953
2.1141,3.9816,8.446
5.1282,2.1141,7.927
1.9374,5.1282,7.674
0.26607,1.9374,7.394
0.0045325,0.26607,7.35
0.0,0.0045325,7.301
0.0088608,0.0,6.945
0.0092283,0.0088608,6.549
0.045978,0.0092283,6.144
0.081707,0.045978,5.786
0.0,0.081707,5.53
0.07795,0.0,5.367
0.26595,0.07795,5.162
0.16096,0.26595,4.927
0.0023683,0.16096,4.627
0.061086,0.0023683,4.429
0.0,0.061086,4.254
0.0,0.0,4.025
0.0,0.0,3.868
0.0,0.0,3.691
0.0,0.0,3.442
0.095958,0.0,3.293
1.1722,0.095958,3.255
0.35186,1.1722,3.262
0.012781,0.35186,3.283
0.0,0.012781,3.383
0.12193,0.0,3.496
3.1207,0.12193,3.436
0.61017,3.1207,3.263
0.98056,0.61017,3.151
8.7522,0.98056,3.114
7.8059,8.7522,3.175
0.37428,7.8059,3.709
0.54381,0.37428,4.662
0.77064,0.54381,4.399
0.2118,0.77064,4.506
0.20269,0.2118,3.667
0.26039,0.20269,3.656
17.099,0.26039,3.448
1.3851,17.099,4.801
0.31213,1.3851,5.739
4.6441,0.31213,4.93
0.68432,4.6441,4.475
4.159,0.68432,3.967
2.0403,4.159,3.813
8.663,2.0403,3.883
3.7243,8.663,3.93
10.08,3.7243,4.11
3.4699,10.08,4.433
3.769,3.4699,4.954
1.2817,3.769,5.542
0.38987,1.2817,5.732
2.4501,0.38987,5.062
2.8669,2.4501,4.738
0.52021,2.8669,4.402
0.054675,0.52021,4.335
0.000939,0.054675,4.106
2.9939,0.000939,3.938
10.267,2.9939,3.89
0.99837,10.267,4.127
0.027603,0.99837,4.422
1.0945,0.027603,4.112
4.3739,1.0945,3.939
14.602,4.3739,3.734
0.13569,14.602,4.208
0.95851,0.13569,5.555
0.019192,0.95851,6.263
0.38775,0.019192,6.065
0.00245,0.38775,5.058
0.0017558,0.00245,4.412
2.4904,0.0017558,3.81
0.82356,2.4904,3.742
0.0040833,0.82356,3.758
0.000204,0.0040833,3.55
0.000694,0.000204,3.426
0.13769,0.000694,3.15
1.5537,0.13769,2.906
3.1452,1.5537,2.723
3.8902,3.1452,2.898
1.107,3.8902,3.047
0.031523,1.107,3.072
2.9567,0.031523,3.082
1.5931,2.9567,3.115
4.0736,1.5931,3.074
12.432,4.0736,2.936
10.6,12.432,3.021
9.7052,10.6,3.725
0.12258,9.7052,5.706
0.026337,0.12258,12.894
0.87134,0.026337,11.848
0.15868,0.87134,9.57
0.0015517,0.15868,8.091
0.000286,0.0015517,6.756
0.0,0.000286,6.309
0.0,0.0,5.731
0.00441,0.0,5.244
0.0,0.00441,4.897
0.023887,0.0,4.673
4.2571,0.023887,4.427
4.5226,4.2571,4.329
1.7295,4.5226,4.437
0.17068,1.7295,4.627
0.057656,0.17068,4.904
0.28342,0.057656,4.902
4.6888,0.28342,4.882
0.16064,4.6888,4.676
1.6949,0.16064,4.055
0.69359,1.6949,4.08
0.59951,0.69359,4.1
5.022,0.59951,3.897
1.5548,5.022,3.745
0.73879,1.5548,3.875
0.45819,0.73879,3.909
11.779,0.45819,4.07
7.2695,11.779,4.832
2.269,7.2695,6.424
0.8659,2.269,10.966
0.4165,0.8659,14.699
3.6599,0.4165,15.114
4.6818,3.6599,14.163
17.387,4.6818,13.984
7.3155,17.387,15.047
8.0678,7.3155,22.223
4.5409,8.0678,43.206
3.0599,4.5409,48.754
0.27905,3.0599,52.353
3.5073,0.27905,47.538
2.0203,3.5073,42.172
2.8134,2.0203,38.684
3.5433,2.8134,35.941
0.7292,3.5433,33.06
1.7628,0.7292,33.094
6.6753,1.7628,34.124
1.1653,6.6753,32.258
4.2828,1.1653,31.787
1.8944,4.2828,35.347
1.3864,1.8944,38.131
0.18938,1.3864,38.115
0.19677,0.18938,35.492
0.11715,0.19677,33.121
0.00147,0.11715,30.45
0.14761,0.00147,28.54
4.9746,0.14761,26.245
0.15729,4.9746,24.545
0.39902,0.15729,23.966
0.25786,0.39902,24.496
0.46047,0.25786,23.06
0.058514,0.46047,21.584
0.036791,0.058514,20.642
0.73144,0.036791,20.109
0.017395,0.73144,19.435
0.0060433,0.017395,18.616
0.0,0.0060433,17.864
0.0,0.0,17.104
0.000735,0.0,16.665
0.0,0.000735,15.962
0.040384,0.0,15.058
0.012454,0.040384,14.638
0.0,0.012454,14.05
0.0040833,0.0,13.495
0.001225,0.0040833,13.355
0.044916,0.001225,13.11
0.55566,0.044916,12.875
0.064026,0.55566,12.729
0.012046,0.064026,12.415
0.2394,0.012046,12.197
10.271,0.2394,11.823
4.1792,10.271,11.632
14.057,4.1792,12.553
2.3105,14.057,17.874
6.9113,2.3105,40.941
9.8188,6.9113,50.427
1.2547,9.8188,43.34
0.023316,1.2547,69.38
0.57668,0.023316,66.523
2.4134,0.57668,52.746
1.0248,2.4134,45.42
1.7782,1.0248,43.664
8.3561,1.7782,41.191
5.4247,8.3561,38.312
0.032993,5.4247,42.655
0.037036,0.032993,65.701
0.071213,0.037036,56.735
0.026582,0.071213,47.544
0.12025,0.026582,42.676
0.41882,0.12025,39.283
3.4283,0.41882,36.287
1.9956,3.4283,33.769
3.1268,1.9956,33.076
0.99959,3.1268,32.719
0.65521,0.99959,32.423
1.7682,0.65521,34.416
2.5194,1.7682,34.034
4.3726,2.5194,33.041
1.2032,4.3726,33.535
3.209,1.2032,42.307
1.3993,3.209,42.927
0.98089,1.3993,40.002
0.14528,0.98089,40.674
1.0719,0.14528,39.967
1.778,1.0719,37.187
3.149,1.778,35.467
3.6734,3.149,34.913
0.91254,3.6734,35.882
5.9046,0.91254,41.241
1.0742,5.9046,41.074
0.38987,1.0742,41.804
3.2718,0.38987,46.587
15.311,3.2718,43.902
4.4992,15.311,43.719
12.083,4.4992,67.087
3.5835,12.083,91.751
1.1267,3.5835,109.97
0.84063,1.1267,135.79
3.9414,0.84063,106.11
4.7499,3.9414,90.322
3.7731,4.7499,82.487
1.7728,3.7731,87.755
6.9131,1.7728,89.556
1.5067,6.9131,82.427
3.1787,1.5067,83.346
3.5779,3.1787,86.559
25.767,3.5779,78.321
12.202,25.767,80.82
13.746,12.202,179.18
0.67101,13.746,347.74
1.322,0.67101,314.99
6.3679,1.322,218.25
6.3133,6.3679,153.64
2.17,6.3133,137.57
3.7113,2.17,142.38
3.3472,3.7113,124.08
0.26713,3.3472,111.94
4.3864,0.26713,102.74
2.3624,4.3864,92.206
6.6466,2.3624,86.549
8.3342,6.6466,86.834
4.5198,8.3342,86.884
0.204,4.5198,119.6
0.46782,0.204,105.94
9.8665,0.46782,93.078
8.526,9.8665,82.194
8.1059,8.526,91.937
8.3897,8.1059,117.49
5.8194,8.3897,132.41
8.902,5.8194,156.21
1.9706,8.902,142.93
0.51735,1.9706,164.72
2.8213,0.51735,136.63
2.5061,2.8213,112.96
0.074234,2.5061,100.84
0.44855,0.074234,99.36
1.1481,0.44855,88.581
2.1528,1.1481,79.368
1.7154,2.1528,72.194
0.77603,1.7154,67.214
0.15557,0.77603,63.023
2.8573,0.15557,59.259
1.0906,2.8573,55.203
0.44026,1.0906,53.43
0.083544,0.44026,51.667
0.0,0.083544,49.879
0.088036,0.0,49.59
0.95141,0.088036,48.145
0.077624,0.95141,46.816
0.6263,0.077624,43.58
0.57521,0.6263,39.574
0.16537,0.57521,35.435
1.7403,0.16537,33.901
2.3607,1.7403,32.722
0.26064,2.3607,31.941
0.028583,0.26064,30.942
0.74888,0.028583,29.815
0.74663,0.74888,29.122
0.55688,0.74663,28.399
0.0,0.55688,27.305
0.13258,0.0,26.491
10.723,0.13258,25.639
1.4337,10.723,25.103
0.1733,1.4337,27.933
0.39804,0.1733,29.612
1.2938,0.39804,26.73
0.072397,1.2938,25.206
0.016823,0.072397,24.574
0.0539,0.016823,23.588
0.19147,0.0539,22.069
0.19049,0.19147,21.712
0.38281,0.19049,21.223
1.6929,0.38281,21.3
1.2489,1.6929,20.531
3.0008,1.2489,20.182
2.1202,3.0008,19.786
2.6479,2.1202,19.585
4.5503,2.6479,19.408
3.2407,4.5503,19.342
0.77109,3.2407,20.136
0.15365,0.77109,20.25
0.0,0.15365,20.271
0.0,0.0,18.795
0.16656,0.0,17.872
1.1481,0.16656,16.891
0.98893,1.1481,16.169
0.95847,0.98893,15.693
0.28326,0.95847,15.339
0.0027766,0.28326,14.83
0.014496,0.0027766,14.309
0.0016333,0.014496,14.037
0.0,0.0016333,13.617
0.0,0.0,13.255
0.0,0.0,12.97
0.0,0.0,12.671
0.000123,0.0,12.328
0.22462,0.000123,12.225
6.9633,0.22462,12.118
3.9619,6.9633,11.78
1.7915,3.9619,12.046
0.22638,1.7915,12.309
0.029645,0.22638,12.138
0.034953,0.029645,11.437
0.021968,0.034953,10.714
3.813,0.021968,10.246
8.3909,3.813,10.628
2.8922,8.3909,10.759
0.0058391,2.8922,11.953
0.0,0.0058391,12.52
0.000449,0.0,12.063
0.0,0.000449,11.485
0.0,0.0,11.279
0.0,0.0,11.249
0.0,0.0,10.967
0.0,0.0,10.745
0.048673,0.0,9.561
0.0,0.048673,9.447
0.65435,0.0,9.073
2.3632,0.65435,8.732
10.59,2.3632,8.495
0.21339,10.59,8.576
3.9268,0.21339,9.78
3.1757,3.9268,9.497
1.8776,3.1757,8.914
1.0471,1.8776,9.054
2.5854,1.0471,8.485
3.0536,2.5854,8.36
3.2045,3.0536,8.201
3.2657,3.2045,8.089
2.2939,3.2657,8.044
0.075704,2.2939,8.352
0.053083,0.075704,7.544
0.050919,0.053083,7.59
0.0,0.050919,7.603
0.0,0.0,6.736
0.0,0.0,7.226
0.12601,0.0,7.451
0.15721,0.12601,7.218
7.4016,0.15721,6.905
4.8411,7.4016,6.701
3.8417,4.8411,7.036
7.2514,3.8417,7.454
1.3497,7.2514,7.406
2.8212,1.3497,7.435
4.9547,2.8212,7.292
0.78367,4.9547,7.05
2.4245,0.78367,6.868
10.642,2.4245,6.694
0.91662,10.642,6.678
1.9099,0.91662,7.191
13.582,1.9099,7.795
4.8621,13.582,7.765
0.92168,4.8621,8.7
2.351,0.92168,12.057
19.751,2.351,12.472
11.982,19.751,10.48
0.61903,11.982,12.064
4.6186,0.61903,22.722
0.99976,4.6186,25.507
0.51568,0.99976,21.033
0.23732,0.51568,19.562
0.043324,0.23732,17.511
0.014618,0.043324,15.862
0.0,0.014618,14.17
0.0,0.0,12.26
0.2412,0.0,11.199
1.845,0.2412,12.416
0.0033483,1.845,12.531
0.0,0.0033483,11.665
0.000368,0.0,10.717
0.0,0.000368,9.955
0.0,0.0,9.23
0.0,0.0,8.376
0.0,0.0,8.195
0.0,0.0,7.756
0.0,0.0,7.237
0.05296,0.0,6.719
1.2189,0.05296,6.153
4.4828,1.2189,6.142
1.7508,4.4828,6.031
2.3516,1.7508,6.107
0.26488,2.3516,6.268
0.0,0.26488,6.187
0.0016742,0.0,6.003
0.095018,0.0016742,5.643
0.29187,0.095018,5.426
0.060719,0.29187,5.165
0.0020825,0.060719,4.961
0.0,0.0020825,4.97
0.0,0.0,4.852
0.7635,0.0,4.669
0.74761,0.7635,4.434
0.16492,0.74761,4.353
0.49379,0.16492,4.176
2.0508,0.49379,4.12
0.34218,2.0508,3.979
7.8401,0.34218,4.015
2.611,7.8401,3.851
1.1007,2.611,4.15
2.9726,1.1007,4.362
14.522,2.9726,4.13
2.6236,14.522,4.157
1.2195,2.6236,4.737
0.14598,1.2195,4.825
0.59032,0.14598,5.018
8.8499,0.59032,4.918
11.873,8.8499,5.09
2.2147,11.873,5.97
4.5298,2.2147,8.108
2.1737,4.5298,13.677
16.683,2.1737,13.732
1.5578,16.683,12.015
2.08,1.5578,12.657
0.2648,2.08,17.597
0.0056758,0.2648,17.46
0.97272,0.0056758,15.173
0.16023,0.97272,13.639
1.9236,0.16023,11.468
1.4234,1.9236,10.84
0.22021,1.4234,9.823
0.038669,0.22021,9.208
0.26203,0.038669,9.13
0.0,0.26203,8.189
0.055982,0.0,7.623
0.0,0.055982,6.809
0.0,0.0,6.571
0.0,0.0,5.946
0.0026133,0.0,6.104
0.0,0.0026133,6.328
2.1822,0.0,5.798
0.70764,2.1822,5.379
5.9574,0.70764,6.069
0.13189,5.9574,5.773
0.67607,0.13189,5.601
0.52871,0.67607,5.624
1.7873,0.52871,5.476
0.83258,1.7873,4.928
0.23797,0.83258,4.925
0.0,0.23797,5.009
0.0,0.0,4.902
0.31098,0.0,4.711
0.049775,0.31098,4.539
1.6913,0.049775,4.44
0.1116,1.6913,4.592
5.0292,0.1116,4.113
22.757,5.0292,4.145
1.4621,22.757,4.481
10.503,1.4621,6.712
7.5277,10.503,9.712
2.7171,7.5277,11.242
0.048673,2.7171,15.14
0.16631,0.048673,20.149
3.4283,0.16631,20.12
18.656,3.4283,18.464
1.0822,18.656,17.255
0.09902,1.0822,19.289
0.44786,0.09902,28.448
17.909,0.44786,28.941
19.942,17.909,24.291
4.3203,19.942,25.351
7.3486,4.3203,69.071
0.7323,7.3486,73.113
2.1906,0.7323,66.408
0.11262,2.1906,64.011
0.0294,0.11262,53.782
0.11735,0.0294,45.757
4.3035,0.11735,39.326
0.24181,4.3035,34.336
8.5822,0.24181,31.295
4.378,8.5822,31.223
4.8023,4.378,32.923
0.68506,4.8023,35.261
2.4136,0.68506,37.986
3.4633,2.4136,40.566
0.6548,3.4633,37.589
0.28481,0.6548,36.277
0.089302,0.28481,34.821
0.0011433,0.089302,32.332
0.040261,0.0011433,29.557
0.053655,0.040261,27.315
0.000368,0.053655,25.675
0.012495,0.000368,24.079
0.021356,0.012495,23.044
0.97391,0.021356,22.443
1.0537,0.97391,21.486
6.4429,1.0537,20.906
1.4633,6.4429,20.452
3.2121,1.4633,20.667
0.32621,3.2121,22.181
3.7193,0.32621,23.169
17.961,3.7193,24.589
1.104,17.961,24.607
1.1955,1.104,47.913
2.188,1.1955,77.824
0.19886,2.188,62.263
0.067007,0.19886,53.966
4.5356,0.067007,47.936
13.795,4.5356,42.271
2.6783,13.795,43.513
1.4247,2.6783,86.72
0.052634,1.4247,83.961
0.0,0.052634,69.317
0.0046141,0.0,59.466
0.19808,0.0046141,52.151
0.0012658,0.19808,46.743
0.010331,0.0012658,42.735
0.000408,0.010331,39.748
0.017967,0.000408,37.076
0.0,0.017967,34.466
0.0,0.0,32.628
8.9715,0.0,31.113
2.9696,8.9715,30.234
0.9499,2.9696,31.852
0.68526,0.9499,38.744
0.14724,0.68526,37.35
0.81972,0.14724,34.187
0.26337,0.81972,31.166
0.0,0.26337,30.149
0.0,0.0,28.632
0.0,0.0,26.837
0.57134,0.0,25.96
0.020131,0.57134,24.746
0.37068,0.020131,24.302
2.1271,0.37068,24.116
15.096,2.1271,23.531
2.5192,15.096,23.24
13.305,2.5192,43.13
7.743,13.305,60.897
13.535,7.743,92.184
13.712,13.535,119.28
6.7611,13.712,127.75
4.4957,6.7611,189.06
9.2874,4.4957,197.66
1.8958,9.2874,145.47
4.2786,1.8958,158.41
2.3542,4.2786,134.91
10.772,2.3542,115.87
4.581,10.772,112.77
3.2653,4.581,152.59
4.9983,3.2653,139.61
11.181,4.9983,118.56
3.8355,11.181,112.43
0.75349,3.8355,185.17
6.6176,0.75349,149.7
6.8751,6.6176,121.66
0.68465,6.8751,108.56
0.70568,0.68465,100.97
0.010045,0.70568,98.594
0.051899,0.010045,91.735
0.0,0.051899,80.363
0.034667,0.0,71.512
0.6744,0.034667,66.185
0.17607,0.6744,63.267
5.4408,0.17607,74.397
0.3265,5.4408,74.015
0.52221,0.3265,77.307
1.1867,0.52221,70.736
0.23193,1.1867,63.5
1.6982,0.23193,60.119
0.16991,1.6982,58.333
0.000163,0.16991,54.941
0.012495,0.000163,53.109
0.0037158,0.012495,49.337
6.0158,0.0037158,46.148
12.043,6.0158,44.422
0.0023275,12.043,50.131
0.080155,0.0023275,98.671
0.45831,0.080155,81.769
0.13508,0.45831,66.466
12.101,0.13508,58.432
1.0105,12.101,53.156
0.0,1.0105,64.728
0.16137,0.0,83.559
0.97472,0.16137,69.92
1.8955,0.97472,60.402
1.3885,1.8955,55.396
0.26464,1.3885,52.319
4.5927,0.26464,48.262
0.79457,4.5927,45.261
3.1649,0.79457,45.926
5.3024,3.1649,56.886
4.5598,5.3024,54.424
0.52879,4.5598,76.482
1.1205,0.52879,79.608
0.51609,1.1205,71.936
5.2565,0.51609,62.438
0.78857,5.2565,56.665
4.0126,0.78857,56.284
11.17,4.0126,60.969
10.577,11.17,62.314
0.73238,10.577,85.968
2.2578,0.73238,134.3
2.2847,2.2578,116.11
3.6511,2.2847,95.319
0.15157,3.6511,87.486
2.4343,0.15157,87.585
3.5481,2.4343,78.441
0.76256,3.5481,72.58
3.9284,0.76256,75.464
0.75227,3.9284,71.339
4.7155,0.75227,70.146
6.1069,4.7155,68.007
7.0088,6.1069,70.173
0.32197,7.0088,91.398
0.34957,0.32197,97.336
3.1347,0.34957,85.909
2.0097,3.1347,75.144
0.15227,2.0097,71.41
5.0443,0.15227,69.515
1.3567,5.0443,65.826
11.344,1.3567,64.001
3.4171,11.344,68.647
12.734,3.4171,87.166
4.1766,12.734,92.647
12.412,4.1766,150.34
0.41568,12.412,152.18
1.5545,0.41568,166.64
0.025561,1.5545,133.28
0.0,0.025561,112.67
0.000572,0.0,96.793
0.73732,0.000572,84.157
0.25688,0.73732,74.811
0.047203,0.25688,67.852
0.0,0.047203,61.899
0.0,0.0,57.057
2.036,0.0,53.644
7.2185,2.036,50.439
0.57325,7.2185,48.837
6.2748,0.57325,51.831
8.5758,6.2748,52.303
5.3228,8.5758,50.22
6.9636,5.3228,59.266
1.1503,6.9636,66.865
0.57864,1.1503,85.351
10.624,0.57864,74.206
2.5653,10.624,64.171
16.871,2.5653,69.43
8.8594,16.871,87.253
0.0064516,8.8594,136.29
0.0,0.0064516,191.55
0.0095549,0.0,118.17
0.0,0.0095549,92.301
0.0086566,0.0,78.305
0.016292,0.0086566,68.263
0.24177,0.016292,61.059
1.1079,0.24177,55.874
0.3225,1.1079,50.696
0.11437,0.3225,47.507
0.75153,0.11437,44.609
7.6026,0.75153,41.213
0.032544,7.6026,39.166
0.032626,0.032544,39.659
0.16415,0.032626,38.479
14.883,0.16415,35.106
11.587,14.883,32.814
0.043732,11.587,37.552
0.0,0.043732,69.436
0.001225,0.0,55.862
0.70286,0.001225,43.517
0.016701,0.70286,38.435
0.036668,0.016701,36.063
0.17423,0.036668,33.001
0.25112,0.17423,30.402
0.1216,0.25112,29.191
1.5689,0.1216,27.777
0.18403,1.5689,26.673
0.072846,0.18403,25.883
0.60253,0.072846,25.14
0.28616,0.60253,23.982
0.0,0.28616,23.135
0.0,0.0,22.298
0.0,0.0,20.859
0.0040833,0.0,20.293
0.31535,0.0040833,20.108
0.049326,0.31535,19.463
0.11107,0.049326,19.252
0.0,0.11107,19.091
0.037158,0.0,18.24
0.0,0.037158,17.627
0.0,0.0,17.456
0.0,0.0,17.065
0.0,0.0,16.148
0.0,0.0,16.049
0.0,0.0,15.594
0.0,0.0,14.998
0.0,0.0,14.569
0.0,0.0,14.227
0.11809,0.0,13.831
0.53348,0.11809,13.649
0.0022866,0.53348,13.374
0.074439,0.0022866,12.96
5.2889,0.074439,12.128
0.62973,5.2889,11.524
0.78207,0.62973,11.879
10.212,0.78207,12.05
3.8933,10.212,11.984
3.126,3.8933,12.862
3.1493,3.126,12.858
3.3471,3.1493,12.575
0.68269,3.3471,12.408
1.0164,0.68269,12.124
3.029,1.0164,11.387
1.3026,3.029,11.009
0.56991,1.3026,10.828
2.8019,0.56991,10.816
0.82013,2.8019,10.648
2.4192,0.82013,10.28
5.785,2.4192,10.069
9.9887,5.785,10.548
0.14753,9.9887,11.214
4.0935,0.14753,12.022
0.93067,4.0935,11.914
8.252,0.93067,11.184
2.1988,8.252,11.188
0.24684,2.1988,11.926
2.4319,0.24684,11.734
2.3735,2.4319,11.272
2.909,2.3735,11.001
1.3159,2.909,10.53
0.16415,1.3159,10.058
0.038097,0.16415,10.235
0.08383,0.038097,10.576
0.54287,0.08383,10.038
0.747,0.54287,9.091
5.827,0.747,8.766
0.13802,5.827,8.602
2.0497,0.13802,8.85
2.7266,2.0497,8.716
0.84835,2.7266,8.282
1.5963,0.84835,8.262
1.0329,1.5963,7.885
0.78996,1.0329,7.937
1.9298,0.78996,7.896
0.92879,1.9298,7.451
1.472,0.92879,7.366
0.1746,1.472,7.163
0.1706,0.1746,6.669
0.45092,0.1706,6.371
5.5382,0.45092,6.057
5.7857,5.5382,6.008
6.2751,5.7857,6.19
0.015435,6.2751,6.64
0.054798,0.015435,7.05
0.17734,0.054798,7.088
0.02303,0.17734,7.077
0.057575,0.02303,6.501
0.0082483,0.057575,5.985
5.6193,0.0082483,5.58
0.41094,5.6193,5.402
0.65741,0.41094,5.504
0.83385,0.65741,5.619
1.4007,0.83385,5.673
13.504,1.4007,5.551
0.44581,13.504,5.41
0.34561,0.44581,5.724
2.3921,0.34561,5.754
1.6347,2.3921,5.836
1.8698,1.6347,5.817
0.17611,1.8698,5.725
0.045039,0.17611,5.672
0.0,0.045039,5.505
0.48861,0.0,5.293
0.14557,0.48861,4.68
1.3077,0.14557,4.532
0.040955,1.3077,4.574
1.7595,0.040955,4.558
1.308,1.7595,4.345
0.58105,1.308,4.531
1.3407,0.58105,4.675
5.5046,1.3407,4.347
2.5635,5.5046,4.265
0.14684,2.5635,4.651
0.18947,0.14684,4.62
0.7169,0.18947,4.34
0.097877,0.7169,4.296
0.0,0.097877,4.043
0.0,0.0,3.858
0.0,0.0,3.684
0.0,0.0,3.542
0.0,0.0,3.417
0.0,0.0,3.297
0.0044916,0.0,3.143
0.0,0.0044916,2.961
0.0,0.0,2.727
0.0,0.0,2.513
0.0,0.0,2.599
0.0022866,0.0,2.372
0.0043283,0.0022866,2.384
0.0,0.0043283,2.266
0.0,0.0,2.248
0.53107,0.0,1.992
0.40727,0.53107,2.211
2.0358,0.40727,2.088
14.63,2.0358,2.281
0.64581,14.63,2.119
0.92332,0.64581,2.942
0.058555,0.92332,2.965
0.001225,0.058555,3.101
0.11499,0.001225,2.8
11.464,0.11499,2.554
1.6891,11.464,2.985
5.7506,1.6891,3.15
0.40951,5.7506,3.142
0.52969,0.40951,3.347
0.15459,0.52969,3.169
8.5632,0.15459,3.182
0.56182,8.5632,3.223
0.18007,0.56182,3.67
2.5672,0.18007,3.406
0.84051,2.5672,3.372
3.1146,0.84051,3.457
0.92087,3.1146,3.191
18.789,0.92087,3.204
1.1529,18.789,2.994
7.033,1.1529,4.415
0.33148,7.033,5.713
0.63328,0.33148,6.996
0.4334,0.63328,6.469
5.2459,0.4334,6.37
5.8581,5.2459,6.001
3.4786,5.8581,5.941
3.2609,3.4786,6.194
0.12029,3.2609,6.689
3.2396,0.12029,7.197
1.6752,3.2396,7.615
1.0467,1.6752,7.937
0.8519,1.0467,7.731
0.68657,0.8519,7.818
1.1013,0.68657,7.343
0.20984,1.1013,7.072
0.099347,0.20984,6.892
0.034259,0.099347,6.495
0.018252,0.034259,6.572
0.63226,0.018252,6.743
0.61274,0.63226,6.177
0.22871,0.61274,6.247
1.2801,0.22871,6.301
11.905,1.2801,6.145
27.244,11.905,6.257
2.8984,27.244,7.492
3.0015,2.8984,20.681
7.5821,3.0015,47.042
0.90739,7.5821,41.956
0.28073,0.90739,39.527
0.096448,0.28073,40.048
5.8645,0.096448,34.274
3.9854,5.8645,28.178
1.4425,3.9854,25.35
1.7974,1.4425,28.16
9.6551,1.7974,30.565
1.8036,9.6551,28.462
16.771,1.8036,37.389
0.70661,16.771,43.747
0.21331,0.70661,65.773
2.0324,0.21331,65.523
2.2719,2.0324,52.47
8.5336,2.2719,43.813
4.917,8.5336,39.434
0.67624,4.917,46.722
0.054185,0.67624,60.65
0.2949,0.054185,53.204
1.1331,0.2949,44.99
3.2255,1.1331,40.037
7.9287,3.2255,36.689
1.525,7.9287,33.83
0.51196,1.525,39.738
2.6992,0.51196,48.722
1.8562,2.6992,44.898
0.43067,1.8562,41.469
0.3365,0.43067,40.245
0.0013883,0.3365,38.636
0.0024091,0.0013883,35.335
0.0028583,0.0024091,32.212
0.00049,0.0028583,29.519
0.0,0.00049,28.046
0.010821,0.0,26.988
0.000653,0.010821,25.783
0.000817,0.000653,25.401
0.0,0.000817,24.444
0.0,0.0,22.707
0.0,0.0,21.534
0.0010208,0.0,20.107
0.0,0.0010208,19.258
0.69175,0.0,18.713
1.5741,0.69175,18.2
4.8563,1.5741,18.149
3.8802,4.8563,18.145
11.469,3.8802,19.234
8.3902,11.469,22.757
13.812,8.3902,33.891
8.2225,13.812,55.565
9.5713,8.2225,98.95
1.9657,9.5713,142.21
0.21319,1.9657,121.59
0.69367,0.21319,116.46
0.18036,0.69367,92.993
0.21262,0.18036,81.163
0.25341,0.21262,72.065
0.031686,0.25341,64.417
0.56958,0.031686,57.399
0.23908,0.56958,51.514
0.12621,0.23908,47.695
2.2935,0.12621,44.476
7.9962,2.2935,41.551
20.654,7.9962,39.171
13.733,20.654,42.795
0.46517,13.733,84.823
6.5441,0.46517,238.32
2.8579,6.5441,146.32
0.022131,2.8579,116.84
0.035239,0.022131,106.81
0.39555,0.035239,90.102
0.016292,0.39555,77.772
0.0024091,0.016292,70.278
0.0,0.0024091,63.645
0.0,0.0,57.475
0.025398,0.0,52.668
0.0011842,0.025398,48.527
0.0,0.0011842,44.802
0.0034708,0.0,41.662
0.021151,0.0034708,39.055
0.0,0.021151,36.514
0.0,0.0,34.685
0.14243,0.0,33.255
6.7504,0.14243,32.089
0.71862,6.7504,30.916
0.0041241,0.71862,30.803
0.083299,0.0041241,31.977
0.0019192,0.083299,31.106
0.0,0.0019192,29.522
0.0037158,0.0,28.424
0.0031441,0.0037158,27.637
0.13646,0.0031441,26.64
1.5989,0.13646,26.002
1.1346,1.5989,25.41
0.097958,1.1346,25.059
0.0,0.097958,24.457
0.0022458,0.0,23.172
0.49955,0.0022458,21.698
5.5107,0.49955,20.856
0.92956,5.5107,20.453
0.21723,0.92956,21.5
1.9052,0.21723,22.279
5.527,1.9052,21.076
2.3184,5.527,21.68
0.65839,2.3184,26.335
1.1891,0.65839,26.324
1.1098,1.1891,26.215
5.8762,1.1098,24.975
0.072152,5.8762,23.922
0.029481,0.072152,27.117
0.84255,0.029481,28.165
1.0272,0.84255,27.125
5.1646,1.0272,25.85
0.74679,5.1646,24.932
3.0783,0.74679,27.28
3.1298,3.0783,29.751
7.0679,3.1298,30.713
0.26676,7.0679,32.624
0.42033,0.26676,35.631
3.2488,0.42033,41.117
0.93267,3.2488,37.653
0.8263,0.93267,36.325
0.80139,0.8263,35.822
0.96129,0.80139,33.302
3.5542,0.96129,31.13
9.9568,3.5542,29.561
0.96664,9.9568,29.666
1.2798,0.96664,35.943
5.7366,1.2798,47.648
2.2937,5.7366,43.288
4.1225,2.2937,46.936
3.3274,4.1225,48.937
1.639,3.3274,49.696
0.66521,1.639,54.287
0.30208,0.66521,50.11
0.01911,0.30208,45.755
3.9923,0.01911,41.922
0.64598,3.9923,38.592
1.6432,0.64598,36.531
4.9594,1.6432,35.965
13.612,4.9594,34.447
3.0699,13.612,35.26
0.81788,3.0699,58.947
0.17391,0.81788,76.303
1.1174,0.17391,64.214
0.21417,1.1174,53.827
0.035035,0.21417,48.651
2.0304,0.035035,44.024
5.762,2.0304,39.721
6.7418,5.762,38.501
4.2533,6.7418,42.194
4.5222,4.2533,47.432
0.76194,4.5222,56.699
0.14855,0.76194,57.712
0.15231,0.14855,53.84
7.4151,0.15231,45.68
5.82,7.4151,40.959
5.055,5.82,41.317
0.14042,5.055,47.153
0.2234,0.14042,57.079
1.4301,0.2234,53.542
3.0101,1.4301,46.562
6.1514,3.0101,42.897
5.6813,6.1514,42.038
5.9996,5.6813,43.726
0.11172,5.9996,47.987
2.5313,0.11172,63.044
0.17783,2.5313,52.749
2.1514,0.17783,45.694
0.53569,2.1514,42.961
1.0482,0.53569,39.951
0.11527,1.0482,37.88
4.5566,0.11527,35.601
13.13,4.5566,34.006
3.02,13.13,34.327
8.9045,3.02,43.462
4.4707,8.9045,58.018
4.0532,4.4707,60.422
1.0417,4.0532,65.237
3.1321,1.0417,60.005
3.5151,3.1321,53.314
1.5394,3.5151,49.361
0.1292,1.5394,51.924
0.29159,0.1292,49.028
7.7664,0.29159,43.368
0.58775,7.7664,40.413
0.15958,0.58775,41.987
0.39657,0.15958,39.837
2.1814,0.39657,37.066
1.2975,2.1814,34.836
4.1575,1.2975,33.137
4.8475,4.1575,31.564
0.32866,4.8475,31.335
0.055533,0.32866,32.77
0.086729,0.055533,33.699
0.0,0.086729,31.533
0.0,0.0,28.668
0.0,0.0,26.042
0.5501,0.0,23.919
0.0,0.5501,23.338
0.0,0.0,23.25
0.0,0.0,23.119
0.0,0.0,21.817
0.78285,0.0,20.302
0.098775,0.78285,19.44
0.66129,0.098775,18.873
0.0,0.66129,18.667
0.3481,0.0,17.696
5.4396,0.3481,16.899
8.7104,5.4396,16.178
1.6562,8.7104,16.863
2.8833,1.6562,18.694
7.7,2.8833,17.705
7.3715,7.7,16.976
0.65676,7.3715,17.566
0.66725,0.65676,19.163
0.5557,0.66725,17.863
0.0069008,0.5557,16.925
0.084361,0.0069008,16.157
7.2069,0.084361,15.628
2.0635,7.2069,15.726
0.10543,2.0635,19.538
0.0,0.10543,21.311
0.0,0.0,18.492
0.030788,0.0,16.352
0.0,0.030788,15.19
0.0,0.0,14.349
0.0,0.0,13.703
0.0,0.0,13.002
0.000572,0.0,12.178
0.0,0.000572,11.98
0.0,0.0,11.369
0.0,0.0,10.786
0.0,0.0,10.433
0.0,0.0,9.953
0.074684,0.0,9.64
0.09902,0.074684,9.429
0.39633,0.09902,9.342
0.076521,0.39633,9.144
0.3802,0.076521,8.946
0.55831,0.3802,8.885
2.7775,0.55831,8.96
0.16562,2.7775,9.14
8.2646,0.16562,9.164
12.336,8.2646,8.825
0.53291,12.336,10.182
0.013026,0.53291,11.877
0.019437,0.013026,11.028
3.6033,0.019437,9.507
1.1214,3.6033,8.599
0.72095,1.1214,8.006
1.8243,0.72095,7.96
2.3093,1.8243,7.868
0.96296,2.3093,7.589
0.24965,0.96296,7.393
3.218,0.24965,7.096
1.3252,3.218,6.688
3.0577,1.3252,6.531
3.3531,3.0577,6.499
2.1396,3.3531,6.345
0.75431,2.1396,6.243
4.5732,0.75431,6.171
3.9958,4.5732,5.786
1.9514,3.9958,5.722
12.701,1.9514,5.474
1.91,12.701,5.896
2.4875,1.91,7.002
2.2056,2.4875,7.272
0.033442,2.2056,7.295
0.0,0.033442,6.819
0.0,0.0,5.955
0.000123,0.0,4.969
3.2918,0.000123,4.591
0.66791,3.2918,4.812
5.2875,0.66791,5.38
3.3031,5.2875,6.058
2.2238,3.3031,7.4
0.23601,2.2238,6.426
0.0,0.23601,6.251
0.0,0.0,5.844
0.13307,0.0,5.578
0.357,0.13307,5.367
0.90821,0.357,5.187
12.973,0.90821,5.026
3.1328,12.973,4.923
1.2967,3.1328,5.49
6.5875,1.2967,5.396
4.7936,6.5875,5.43
5.0441,4.7936,5.793
0.50351,5.0441,6.469
1.3928,0.50351,6.55
0.016333,1.3928,6.836
0.73932,0.016333,6.595
13.885,0.73932,6.259
12.331,13.885,5.838
1.2262,12.331,7.511
1.5519,1.2262,11.515
1.835,1.5519,13.481
8.4535,1.835,12.259
5.3936,8.4535,10.502
0.41597,5.3936,10.196
19.119,0.41597,13.928
2.8906,19.119,15.931
1.8386,2.8906,23.07
4.6717,1.8386,38.643
2.8058,4.6717,34.95
3.8132,2.8058,31.426
0.79849,3.8132,32.235
0.87289,0.79849,32.12
5.4749,0.87289,29.573
0.67162,5.4749,26.473
0.4227,0.67162,25.269
0.13042,0.4227,24.082
21.278,0.13042,22.146
4.7679,21.278,20.572
18.051,4.7679,28.357
2.6396,18.051,49.421
0.43589,2.6396,76.692
0.12001,0.43589,80.705
0.85018,0.12001,63.864
0.26325,0.85018,52.298
0.14708,0.26325,44.607
0.29192,0.14708,38.8
0.038179,0.29192,34.257
0.0015108,0.038179,30.396
0.0,0.0015108,27.286
7.3146,0.0,24.832
0.35423,7.3146,22.987
0.14508,0.35423,22.167
2.5824,0.14508,21.549
0.85153,2.5824,20.408
0.065782,0.85153,19.232
1.4288,0.065782,18.653
0.29012,1.4288,17.862
3.6161,0.29012,16.941
1.5289,3.6161,16.225
0.34002,1.5289,15.669
0.0071458,0.34002,15.545
0.0,0.0071458,15.04
0.0,0.0,14.092
0.0,0.0,13.172
0.1512,0.0,12.78
0.0,0.1512,12.859
0.1109,0.0,12.456
0.0,0.1109,11.465
0.0033891,0.0,11.11
0.080318,0.0033891,10.77
3.047,0.080318,10.287
0.071866,3.047,10.237
0.040465,0.071866,9.904
0.36897,0.040465,9.542
0.15937,0.36897,9.458
0.18138,0.15937,9.18
0.28489,0.18138,8.8
3.9179,0.28489,8.468
1.4811,3.9179,7.888
1.9953,1.4811,7.405
16.342,1.9953,7.271
0.72577,16.342,7.245
3.3954,0.72577,14.472
1.5975,3.3954,21.591
0.54688,1.5975,21.373
0.026337,0.54688,21.016
0.1891,0.026337,20.646
2.7031,0.1891,19.416
5.4602,2.7031,18.208
1.3269,5.4602,17.432
0.16578,1.3269,19.544
0.41249,0.16578,22.224
0.053083,0.41249,21.991
1.0924,0.053083,21.047
1.1552,1.0924,20.272
8.744,1.1552,19.345
2.7702,8.744,19.224
3.059,2.7702,20.095
2.4908,3.059,28.288
0.52474,2.4908,30.188
11.419,0.52474,29.605
6.0011,11.419,28.959
4.5167,6.0011,31.779
2.1399,4.5167,57.777
2.6199,2.1399,63.812
0.40502,2.6199,62.753
0.60049,0.40502,59.015
5.7909,0.60049,54.172
18.467,5.7909,47.981
3.3766,18.467,47.893
3.7721,3.3766,86.061
8.4361,3.7721,120.83
2.2398,8.4361,104.49
1.5811,2.2398,101.5
4.2572,1.5811,97.206
0.27607,4.2572,83.591
1.4618,0.27607,79.344
6.0063,1.4618,73.905
12.539,6.0063,68.747
2.6227,12.539,67.199
0.69943,2.6227,101.61
0.49094,0.69943,115.85
0.63565,0.49094,96.745
12.029,0.63565,82.13
0.72307,12.029,76.9
2.7305,0.72307,103.1
0.24439,2.7305,91.45
3.5449,0.24439,79.641
5.317,3.5449,72.485
0.28146,5.317,69.388
0.30176,0.28146,83.028
0.49314,0.30176,78.836
2.706,0.49314,70.127
0.11515,2.706,63.959
8.1365,0.11515,59.169
0.10453,8.1365,55.235
0.017313,0.10453,60.433
0.65382,0.017313,63.39
4.3072,0.65382,54.558
0.011311,4.3072,49.555
0.12278,0.011311,49.895
0.15855,0.12278,51.012
0.46541,0.15855,46.907
0.1352,0.46541,44.311
0.021601,0.1352,41.846
0.0,0.021601,39.831
0.0037158,0.0,38.235
0.068436,0.0037158,36.737
0.10923,0.068436,35.048
0.13769,0.10923,33.825
0.072601,0.13769,32.193
8.0612,0.072601,31.084
3.9544,8.0612,30.335
1.1652,3.9544,33.253
0.071458,1.1652,38.102
1.8175,0.071458,39.812
4.7814,1.8175,37.895
3.2721,4.7814,36.641
6.4788,3.2721,37.125
2.9793,6.4788,41.342
6.3332,2.9793,46.096
3.5086,6.3332,51.094
7.6352,3.5086,60.798
2.9995,7.6352,89.645
1.3145,2.9995,87.755
2.2643,1.3145,95.965
6.6686,2.2643,82.988
2.759,6.6686,73.555
1.4161,2.759,87.277
2.2324,1.4161,89.208
9.4232,2.2324,78.706
5.7681,9.4232,70.177
2.0586,5.7681,73.15
1.2102,2.0586,106.84
8.6668,1.2102,92.366
1.4067,8.6668,79.498
0.7129,1.4067,85.433
0.22732,0.7129,96.12
0.91633,0.22732,85.61
0.1528,0.91633,74.368
0.45619,0.1528,66.916
0.0070233,0.45619,60.703
0.0010617,0.0070233,56.622
0.0,0.0010617,52.81
0.000939,0.0,49.383
0.18448,0.000939,46.275
0.42156,0.18448,43.688
0.12287,0.42156,41.457
0.048714,0.12287,39.648
0.024214,0.048714,37.767
0.015762,0.024214,35.959
0.0,0.015762,33.896
0.74716,0.0,32.471
2.0405,0.74716,31.5
0.62748,2.0405,30.525
0.068232,0.62748,29.173
0.0951,0.068232,27.654
0.55966,0.0951,26.897
0.024949,0.55966,26.347
0.47603,0.024949,25.807
0.59927,0.47603,24.779
0.13026,0.59927,24.085
0.0,0.13026,23.746
5.8519,0.0,22.978
5.1815,5.8519,22.041
2.5634,5.1815,22.535
0.064394,2.5634,26.634
0.09314,0.064394,29.3
1.0268,0.09314,26.783
0.010984,1.0268,24.962
0.0091466,0.010984,24.07
0.39857,0.0091466,23.164
0.031809,0.39857,22.067
0.0,0.031809,21.162
0.11629,0.0,20.657
0.0,0.11629,20.069
0.40555,0.0,19.363
2.6327,0.40555,18.82
0.23993,2.6327,18.149
1.2952,0.23993,17.932
0.077501,1.2952,17.583
0.013271,0.077501,17.095
2.867,0.013271,16.357
1.7946,2.867,15.879
1.8166,1.7946,15.419
0.05002,1.8166,15.692
0.11527,0.05002,15.827
1.6892,0.11527,15.199
0.15753,1.6892,14.373
1.5925,0.15753,14.37
0.48444,1.5925,13.977
0.072397,0.48444,13.599
0.023969,0.072397,13.14
0.40731,0.023969,12.344
4.1075,0.40731,12.074
2.3273,4.1075,12.142
17.409,2.3273,12.832
1.5983,17.409,13.429
2.7536,1.5983,23.999
2.2046,2.7536,34.536
8.2364,2.2046,31.737
6.6691,8.2364,28.687
9.6268,6.6691,31.348
7.2633,9.6268,58.797
7.7477,7.2633,58.987
1.0978,7.7477,79.437
9.6737,1.0978,73.019
2.9759,9.6737,75.925
0.016823,2.9759,72.33
1.38,0.016823,93.303
1.277,1.38,76.831
1.2625,1.277,64.348
1.4562,1.2625,57.539
0.41793,1.4562,52.723
0.87464,0.41793,48.74
4.932,0.87464,44.672
1.7339,4.932,41.113
5.4051,1.7339,39.283
3.1362,5.4051,39.905
0.67093,3.1362,39.986
5.1178,0.67093,43.355
4.2275,5.1178,42.653
0.94439,4.2275,42.202
2.2156,0.94439,46.193
0.61364,2.2156,44.052
0.000898,0.61364,39.993
0.0,0.000898,36.931
0.019967,0.0,34.011
0.0,0.019967,31.732
0.0294,0.0,29.632
0.46942,0.0294,27.712
0.000817,0.46942,25.79
0.0,0.000817,24.039
0.0,0.0,22.735
0.0,0.0,21.29
0.0,0.0,20.664
0.04414,0.0,19.738
0.14083,0.04414,18.746
2.8815,0.14083,17.853
0.018742,2.8815,17.449
0.704,0.018742,17.0
6.9822,0.704,16.615
6.841,6.9822,17.131
2.1342,6.841,18.57
21.799,2.1342,19.478
5.2189,21.799,18.639
1.1918,5.2189,27.448
0.33242,1.1918,46.022
0.046795,0.33242,35.366
1.693,0.046795,28.321
1.0767,1.693,24.668
3.0433,1.0767,22.329
3.3624,3.0433,20.695
8.4855,3.3624,19.723
12.736,8.4855,19.902
0.74251,12.736,20.822
1.426,0.74251,36.203
8.6849,1.426,51.192
6.4645,8.6849,40.607
2.542,6.4645,39.04
5.0343,2.542,46.174
4.0836,5.0343,42.762
0.061658,4.0836,41.55
0.16088,0.061658,44.359
0.0,0.16088,39.393
0.0043283,0.0,33.971
0.056554,0.0043283,30.739
0.10547,0.056554,28.571
0.78967,0.10547,26.735
21.63,0.78967,25.472
45.283,21.63,25.016
1.1077,45.283,57.123
22.968,1.1077,328.69
2.2129,22.968,288.92
1.9962,2.2129,244.13
1.6303,1.9962,253.87
8.5296,1.6303,160.24
1.8843,8.5296,116.81
1.814,1.8843,108.76
0.0091874,1.814,94.69
0.1009,0.0091874,79.854
0.033932,0.1009,69.525
0.0,0.033932,62.179
0.0,0.0,55.859
1.7919,0.0,50.674
0.099796,1.7919,46.141
0.0,0.099796,43.041
0.19506,0.0,39.703
1.9414,0.19506,36.255
0.033851,1.9414,34.006
0.0036341,0.033851,32.135
0.070274,0.0036341,30.392
0.33316,0.070274,28.894
0.8038,0.33316,27.61
0.0,0.8038,26.498
0.44667,0.0,25.206
0.48069,0.44667,23.757
1.8623,0.48069,23.225
5.0989,1.8623,22.756
1.1919,5.0989,22.264
2.1243,1.1919,21.837
2.0366,2.1243,20.937
7.6334,2.0366,19.862
7.8388,7.6334,18.814
9.8029,7.8388,19.541
1.5801,9.8029,21.023
2.8459,1.5801,33.034
11.581,2.8459,29.807
0.64794,11.581,26.457
0.34618,0.64794,29.613
0.5138,0.34618,27.669
2.3021,0.5138,24.682
3.0735,2.3021,22.794
5.5187,3.0735,21.823
2.8226,5.5187,21.798
3.7472,2.8226,21.977
0.65937,3.7472,21.924
0.71597,0.65937,21.527
0.55896,0.71597,21.184
1.3793,0.55896,20.396
0.53957,1.3793,19.695
3.0649,0.53957,19.043
2.7088,3.0649,17.983
0.71805,2.7088,17.135
1.1536,0.71805,17.396
0.79935,1.1536,16.624
0.38167,0.79935,16.027
0.16733,0.38167,14.968
4.8867,0.16733,14.221
0.40445,4.8867,13.937
9.399,0.40445,13.864
9.1546,9.399,13.554
0.38199,9.1546,13.636
1.589,0.38199,17.129
5.4731,1.589,19.625
0.21858,5.4731,19.102
0.0027358,0.21858,19.247
0.023316,0.0027358,19.012
0.37681,0.023316,17.966
0.77334,0.37681,16.491
1.7843,0.77334,13.933
0.042058,1.7843,13.621
0.098571,0.042058,13.471
0.51601,0.098571,12.888
0.031156,0.51601,12.264
0.0,0.031156,11.458
0.0,0.0,11.26
0.0,0.0,11.263
1.1882,0.0,10.944
0.28097,1.1882,10.388
0.0,0.28097,10.609
0.0031033,0.0,10.154
0.0,0.0031033,10.291
0.0,0.0,9.873
0.001715,0.0,9.747
0.0,0.001715,9.645
0.031196,0.0,9.64
0.18489,0.031196,9.351
6.3955,0.18489,9.125
6.8352,6.3955,8.841
6.4824,6.8352,9.565
0.16443,6.4824,10.153
0.071825,0.16443,10.568
5.7724,0.071825,10.536
1.9785,5.7724,10.099
2.5452,1.9785,10.243
1.0365,2.5452,10.161
0.0037975,1.0365,9.501
0.091017,0.0037975,8.841
15.894,0.091017,8.361
0.71727,15.894,7.668
0.5029,0.71727,9.362
4.6712,0.5029,10.655
0.24749,4.6712,9.886
4.0153,0.24749,10.062
0.63393,4.0153,10.135
2.0854,0.63393,10.549
0.13659,2.0854,10.821
0.39192,0.13659,10.948
3.3609,0.39192,10.755
15.627,3.3609,10.798
3.9309,15.627,10.907
0.50559,3.9309,15.37
1.0943,0.50559,24.552
5.2484,1.0943,24.307
14.332,5.2484,21.457
27.318,14.332,20.831
17.751,27.318,47.264
4.5203,17.751,145.59
5.4699,4.5203,184.32
1.3135,5.4699,194.68
0.01617,1.3135,118.39
0.41017,0.01617,99.479
1.5085,0.41017,81.656
0.1833,1.5085,68.528
0.0024908,0.1833,58.429
0.0,0.0024908,50.286
0.0024091,0.0,45.069
0.0,0.0024091,40.711
0.0012658,0.0,37.455
0.53193,0.0012658,34.585
0.09853,0.53193,32.67
0.0,0.09853,31.139
0.0,0.0,29.663
0.01911,0.0,27.605
0.0,0.01911,26.003
0.016742,0.0,24.915
0.0,0.016742,23.564
0.0,0.0,22.854
0.10588,0.0,22.39
0.0,0.10588,21.634
0.0071049,0.0,21.103
0.0,0.0071049,20.159
0.0,0.0,19.553
0.15651,0.0,19.679
0.65239,0.15651,19.432
0.17448,0.65239,19.393
0.19816,0.17448,18.625
4.7624,0.19816,17.88
1.341,4.7624,17.471
11.125,1.341,17.865
1.3152,11.125,18.154
0.1951,1.3152,20.083
0.41339,0.1951,27.119
4.8779,0.41339,24.921
8.7023,4.8779,22.595
0.10261,8.7023,23.734
0.57681,0.10261,33.165
0.000572,0.57681,35.292
0.0081666,0.000572,31.114
0.10813,0.0081666,28.541
0.0054716,0.10813,26.604
0.76415,0.0054716,25.052
0.098081,0.76415,23.687
0.0070233,0.098081,22.625
0.10719,0.0070233,21.754
6.6134,0.10719,20.931
0.79657,6.6134,20.351
0.20286,0.79657,22.038
0.014822,0.20286,24.367
0.78326,0.014822,23.524
8.0849,0.78326,22.753
0.70539,8.0849,22.766
1.2367,0.70539,28.883
3.0285,1.2367,32.263
10.835,3.0285,30.831
0.36227,10.835,31.581
0.91874,0.36227,50.434
12.377,0.91874,55.662
14.082,12.377,49.371
12.83,14.082,72.075
2.5946,12.83,107.33
3.345,2.5946,201.56
10.263,3.345,129.53
7.5576,10.263,104.11
0.80143,7.5576,107.05
7.8218,0.80143,154.01
6.5005,7.8218,126.47
2.1392,6.5005,131.95
1.7407,2.1392,129.16
10.494,1.7407,113.72
0.56227,10.494,105.13
4.8063,0.56227,118.3
5.7677,4.8063,118.75
3.8343,5.7677,106.27
5.5283,3.8343,101.69
5.2238,5.5283,117.64
0.6842,5.2238,123.91
1.2753,0.6842,106.12
11.964,1.2753,97.062
4.5946,11.964,89.696
4.5717,4.5946,124.38
1.3133,4.5717,137.49
0.30706,1.3133,133.88
9.0608,0.30706,116.89
11.167,9.0608,100.08
3.1174,11.167,118.35
5.2392,3.1174,145.26
0.44471,5.2392,180.64
2.0288,0.44471,133.75
1.732,2.0288,123.14
8.8636,1.732,104.47
8.7654,8.8636,102.24
2.5494,8.7654,136.69
9.1289,2.5494,143.75
6.4028,9.1289,123.96
3.6364,6.4028,139.76
0.78857,3.6364,145.88
0.32744,0.78857,137.44
0.0057166,0.32744,120.52
0.80306,0.0057166,103.02
3.3279,0.80306,91.244
1.6677,3.3279,84.965
0.19192,1.6677,83.383
0.78228,0.19192,77.829
7.7086,0.78228,74.406
0.96648,7.7086,69.894
6.6063,0.96648,76.317
6.7158,6.6063,80.494
2.8735,6.7158,84.549
5.4338,2.8735,104.91
5.1942,5.4338,96.896
1.598,5.1942,98.151
0.15255,1.598,100.99
10.838,0.15255,100.91
2.384,10.838,88.264
5.485,2.384,97.06
12.688,5.485,116.46
5.5827,12.688,109.23
5.771,5.5827,135.97
3.5305,5.771,137.54
2.3624,3.5305,127.55
3.2052,2.3624,123.83
0.077501,3.2052,110.78
7.1861,0.077501,106.22
0.24496,7.1861,92.902
0.0026541,0.24496,102.22
0.000163,0.0026541,97.146
0.0055533,0.000163,83.531
0.52883,0.0055533,73.931
0.0951,0.52883,67.212
9.0649,0.0951,61.829
0.87607,9.0649,57.958
3.4117,0.87607,63.597
1.1539,3.4117,69.362
0.6263,1.1539,64.115
6.8811,0.6263,62.389
3.1454,6.8811,57.894
3.3392,3.1454,63.159
15.653,3.3392,80.655
16.311,15.653,81.679
2.0368,16.311,166.59
0.2243,2.0368,212.1
5.2576,0.2243,205.91
9.4688,5.2576,135.08
1.302,9.4688,122.7
4.5864,1.302,129.84
0.8902,4.5864,128.79
1.2263,0.8902,114.12
4.0016,1.2263,102.47
3.1602,4.0016,92.534
0.92262,3.1602,91.026
2.3561,0.92262,97.333
0.8323,2.3561,85.577
3.1122,0.8323,77.794
0.36562,3.1122,73.376
3.6695,0.36562,71.378
1.0167,3.6695,65.057
2.0296,1.0167,61.183
2.751,2.0296,58.439
8.746,2.751,55.013
0.13859,8.746,54.084
3.7064,0.13859,74.243
4.459,3.7064,66.928
3.0944,4.459,60.923
3.8021,3.0944,61.807
3.8465,3.8021,63.78
0.43655,3.8465,72.79
4.8632,0.43655,67.803
7.6392,4.8632,63.783
0.69449,7.6392,61.688
0.30425,0.69449,89.196
7.5971,0.30425,78.919
5.9182,7.5971,68.019
3.8572,5.9182,71.96
5.6827,3.8572,76.735
5.2539,5.6827,73.356
5.8312,5.2539,71.954
3.6911,5.8312,87.772
3.2624,3.6911,89.454
4.5831,3.2624,92.285
6.8211,4.5831,83.936
3.8144,6.8211,79.234
0.14982,3.8144,93.606
1.0205,0.14982,102.08
0.19878,1.0205,83.192
0.0,0.19878,73.066
0.0,0.0,65.529
0.0,0.0,59.723
0.0,0.0,54.537
0.0,0.0,49.808
1.2797,0.0,46.666
1.8602,1.2797,43.695
6.3766,1.8602,41.943
9.4444,6.3766,40.877
5.8048,9.4444,41.022
5.2588,5.8048,51.858
2.953,5.2588,59.903
1.9388,2.953,58.967
0.053736,1.9388,57.28
0.11364,0.053736,51.394
0.43916,0.11364,45.644
0.000204,0.43916,41.525
0.040506,0.000204,38.378
0.35047,0.040506,36.174
3.479,0.35047,34.093
4.5199,3.479,32.287
4.2708,4.5199,31.788
0.47313,4.2708,32.702
2.4405,0.47313,31.977
0.33949,2.4405,31.561
5.2506,0.33949,30.418
0.15762,5.2506,29.431
5.3227,0.15762,29.719
0.19853,5.3227,28.587
0.65067,0.19853,28.646
0.030298,0.65067,28.047
6.2682,0.030298,26.335
2.8923,6.2682,24.912
1.3555,2.8923,24.088
0.0026541,1.3555,26.69
0.0,0.0026541,26.082
0.0,0.0,24.174
0.013393,0.0,22.356
0.68334,0.013393,21.273
0.051899,0.68334,20.837
0.35904,0.051899,20.475
2.3609,0.35904,19.627
0.27587,2.3609,19.233
0.082646,0.27587,19.247
0.051735,0.082646,18.722
0.20188,0.051735,17.91
0.0,0.20188,17.189
0.0,0.0,16.535
0.46203,0.0,15.886
0.21078,0.46203,15.389
15.573,0.21078,14.976
3.2277,15.573,14.764
2.7835,3.2277,17.128
1.2088,2.7835,20.306
0.13499,1.2088,18.142
0.99477,0.13499,16.741
1.0404,0.99477,16.269
0.078644,1.0404,15.533
0.0,0.078644,14.919
0.0,0.0,14.225
0.0,0.0,13.546
0.0,0.0,13.174
0.0,0.0,12.715
0.0,0.0,12.043
0.0,0.0,11.539
0.2178,0.0,11.099
1.3967,0.2178,10.958
0.39947,1.3967,10.957
7.1569,0.39947,10.967
3.0003,7.1569,11.262
0.022907,3.0003,11.386
3.146,0.022907,11.604
3.0033,3.146,10.617
1.6075,3.0033,10.403
0.60919,1.6075,10.616
0.24475,0.60919,11.125
3.2111,0.24475,11.008
0.00049,3.2111,10.266
0.0,0.00049,10.373
4.08e-05,0.0,10.089
0.81021,4.08e-05,9.35
17.815,0.81021,9.029
3.4532,17.815,9.013
6.7131,3.4532,10.404
3.6294,6.7131,14.727
2.9627,3.6294,13.63
5.4318,2.9627,15.203
8.9437,5.4318,16.283
1.8321,8.9437,14.789
7.6538,1.8321,16.643
1.5548,7.6538,19.509
0.16284,1.5548,18.947
7.2178,0.16284,19.585
0.0070641,7.2178,17.868
0.29277,0.0070641,17.535
0.0,0.29277,18.255
0.0073091,0.0,16.549
0.037689,0.0073091,14.825
4.5771,0.037689,13.81
0.13197,4.5771,13.066
0.000694,0.13197,12.467
3.5236,0.000694,12.132
0.14104,3.5236,11.608
11.703,0.14104,11.08
0.063005,11.703,11.089
0.035974,0.063005,12.229
0.078808,0.035974,12.988
1.2321,0.078808,12.108
2.4345,1.2321,10.886
0.5706,2.4345,10.712
1.1342,0.5706,10.265
11.717,1.1342,9.865
0.30719,11.717,9.564
2.0879,0.30719,10.451
0.05782,2.0879,11.396
0.34492,0.05782,11.421
1.1716,0.34492,11.147
0.0,1.1716,10.547
0.0,0.0,10.169
0.000817,0.0,9.635
0.029236,0.000817,9.165
0.0,0.029236,8.864
0.0,0.0,8.631
0.00049,0.0,8.309
7.1497,0.00049,8.006
7.4037,7.1497,7.577
0.31629,7.4037,7.955
0.96072,0.31629,8.171
0.34177,0.96072,8.756
1.0301,0.34177,8.204
7.1378,1.0301,7.832
11.38,7.1378,7.437
5.6773,11.38,7.835
6.5283,5.6773,8.722
1.5597,6.5283,11.544
1.51,1.5597,12.684
2.1237,1.51,15.192
1.1563,2.1237,15.376
0.69902,1.1563,14.204
0.000286,0.69902,13.498
0.019518,0.000286,12.787
0.0,0.019518,11.872
3.1276,0.0,10.892
5.4702,3.1276,10.224
0.97513,5.4702,10.016
3.5642,0.97513,10.327
2.1734,3.5642,10.152
11.339,2.1734,9.896
4.7855,11.339,9.679
4.836,4.7855,11.234
1.3998,4.836,16.937
0.79404,1.3998,17.395
3.4212,0.79404,18.205
0.63377,3.4212,17.951
4.8831,0.63377,17.011
0.25974,4.8831,15.753
0.0038383,0.25974,14.816
0.0090241,0.0038383,15.886
9.1265,0.0090241,16.313
2.8155,9.1265,14.286
1.8183,2.8155,14.661
0.0031441,1.8183,16.803
0.0039608,0.0031441,18.984
0.24773,0.0039608,18.236
3.251,0.24773,16.15
0.43552,3.251,14.877
0.014373,0.43552,14.226
0.34402,0.014373,13.784
0.50531,0.34402,13.506
0.54361,0.50531,12.868
10.77,0.54361,12.096
8.2743,10.77,11.51
4.5968,8.2743,11.696
0.0054716,4.5968,16.597
0.0,0.0054716,32.944
0.000286,0.0,31.815
0.21307,0.000286,24.849
0.17199,0.21307,21.101
0.0,0.17199,19.279
0.0,0.0,18.148
0.0,0.0,17.147
0.0,0.0,15.79
0.000612,0.0,14.79
0.0011842,0.000612,13.773
0.0,0.0011842,13.142
0.0,0.0,12.848
0.0,0.0,12.652
0.0,0.0,12.377
6.6422,0.0,11.961
1.2752,6.6422,11.505
1.7386,1.2752,11.658
3.1611,1.7386,13.292
1.7725,3.1611,13.769
0.6904,1.7725,13.872
0.42234,0.6904,14.261
1.3352,0.42234,13.782
0.67901,1.3352,13.315
0.90796,0.67901,12.848
0.31486,0.90796,12.263
6.9387,0.31486,11.791
3.6869,6.9387,11.429
0.95067,3.6869,12.596
0.33328,0.95067,16.17
4.9989,0.33328,17.998
4.4978,4.9989,16.993
0.12287,4.4978,17.463
0.19914,0.12287,19.821
1.1784,0.19914,20.307
1.9926,1.1784,19.074
7.3848,1.9926,18.331
0.23732,7.3848,18.347
0.074969,0.23732,22.77
7.1933,0.074969,29.041
8.4758,7.1933,25.349
8.8025,8.4758,25.671
2.3283,8.8025,36.768
0.62446,2.3283,70.133
2.3332,0.62446,64.927
1.931,2.3332,54.04
5.0427,1.931,48.577
5.4049,5.0427,45.642
0.37219,5.4049,49.592
0.44586,0.37219,54.85
0.32887,0.44586,55.403
1.1653,0.32887,49.493
0.2757,1.1653,45.129
0.088403,0.2757,41.256
0.18591,0.088403,38.269
0.0078808,0.18591,36.188
0.000531,0.0078808,33.715
0.076603,0.000531,30.792
0.021805,0.076603,29.114
0.24577,0.021805,28.045
9.9708,0.24577,26.617
1.7041,9.9708,26.019
1.7608,1.7041,28.82
6.7449,1.7608,35.599
3.8994,6.7449,35.951
16.209,3.8994,44.304
0.57599,16.209,47.684
5.1209,0.57599,83.818
3.4252,5.1209,101.89
6.5023,3.4252,80.055
11.62,6.5023,82.113
5.4318,11.62,95.647
0.15982,5.4318,113.06
0.99649,0.15982,153.0
0.43708,0.99649,110.57
6.368,0.43708,91.037
2.809,6.368,80.971
0.32634,2.809,82.072
0.45006,0.32634,78.007
0.031686,0.45006,70.211
0.10698,0.031686,62.953
1.7444,0.10698,56.993
0.90408,1.7444,52.569
3.2829,0.90408,50.232
17.106,3.2829,49.292
14.777,17.106,52.02
6.8062,14.777,89.112
3.5234,6.8062,168.34
4.1705,3.5234,180.39
0.14381,4.1705,125.68
0.11548,0.14381,106.77
0.03724,0.11548,95.428
1.3081,0.03724,84.077
2.5014,1.3081,75.294
0.53414,2.5014,69.849
0.93679,0.53414,66.057
3.3231,0.93679,62.807
0.12548,3.3231,57.378
2.2594,0.12548,56.807
5.715,2.2594,56.06
0.032911,5.715,53.962
0.17656,0.032911,63.244
0.43058,0.17656,61.61
1.5513,0.43058,55.376
7.4951,1.5513,52.449
5.6832,7.4951,49.809
6.6984,5.6832,58.628
0.41192,6.6984,87.308
9.9361,0.41192,87.495
5.8091,9.9361,79.855
5.1907,5.8091,88.073
0.45276,5.1907,101.86
4.7142,0.45276,129.93
1.2921,4.7142,100.54
20.162,1.2921,93.498
5.9728,20.162,94.027
17.182,5.9728,208.41
6.2932,17.182,201.03
0.1949,6.2932,306.99
18.089,0.1949,232.93
9.5526,18.089,159.05
0.31662,9.5526,217.33
1.0895,0.31662,335.42
0.24243,1.0895,217.8
1.0993,0.24243,144.23
0.17632,1.0993,120.16
0.000817,0.17632,103.64
0.9149,0.000817,94.255
0.39784,0.9149,84.627
11.192,0.39784,76.905
10.374,11.192,71.621
6.6316,10.374,94.999
2.6811,6.6316,117.38
2.5685,2.6811,154.03
6.032,2.5685,121.98
6.991,6.032,106.98
5.2289,6.991,104.84
2.0258,5.2289,118.17
5.3675,2.0258,131.28
2.8502,5.3675,111.11
4.3658,2.8502,110.06
16.696,4.3658,101.21
5.888,16.696,98.696
1.9171,5.888,177.7
2.9181,1.9171,239.39
0.86868,2.9181,141.9
1.5461,0.86868,120.95
1.9343,1.5461,104.96
9.0408,1.9343,91.752
1.1594,9.0408,86.292
0.32352,1.1594,100.48
0.68224,0.32352,100.49
3.5852,0.68224,86.246
3.9076,3.5852,76.915
3.9138,3.9076,75.874
2.9555,3.9138,75.131
0.62332,2.9555,76.087
17.873,0.62332,77.639
2.3089,17.873,74.467
0.088281,2.3089,127.09
0.014904,0.088281,132.58
0.76705,0.014904,99.55
1.3538,0.76705,85.348
1.7904,1.3538,76.974
2.8631,1.7904,71.606
3.3124,2.8631,67.077
1.9701,3.3124,65.021
1.0365,1.9701,62.646
0.0074316,1.0365,57.096
0.0050225,0.0074316,53.423
0.0076358,0.0050225,49.168
0.35218,0.0076358,46.309
1.5371,0.35218,44.855
0.48804,1.5371,42.911
1.9151,0.48804,41.431
7.3385,1.9151,40.707
1.1242,7.3385,39.531
0.93867,1.1242,41.134
0.16566,0.93867,45.863
0.017762,0.16566,40.33
0.0,0.017762,38.151
0.000694,0.0,35.314
0.13826,0.000694,33.604
0.41184,0.13826,32.395
0.21074,0.41184,30.653
0.028624,0.21074,28.597
0.0,0.028624,27.263
0.0,0.0,26.644
0.0,0.0,25.751
0.0,0.0,25.196
0.0,0.0,24.597
0.0,0.0,23.942
0.0,0.0,22.735
0.0,0.0,21.594
0.0,0.0,20.944
0.40674,0.0,20.057
3.5697,0.40674,19.848
1.614,3.5697,19.895
0.81274,1.614,20.158
0.37313,0.81274,19.505
1.7364,0.37313,18.646
10.862,1.7364,18.159
1.3634,10.862,17.575
2.9024,1.3634,19.821
0.037485,2.9024,20.551
0.0,0.037485,19.715
0.0,0.0,18.149
1.2796,0.0,17.161
0.63908,1.2796,16.408
0.080155,0.63908,15.532
1.664,0.080155,15.411
0.0038383,1.664,15.246
0.0,0.0038383,13.991
0.0,0.0,13.511
0.0,0.0,12.885
0.000368,0.0,12.774
0.0,0.000368,12.776
0.0,0.0,12.374
0.018947,0.0,12.492
0.97995,0.018947,12.084
0.011147,0.97995,11.63
1.0116,0.011147,11.269
0.0083708,1.0116,11.687
0.043732,0.0083708,11.523
0.088689,0.043732,11.595
1.1254,0.088689,11.729
0.27134,1.1254,11.54
3.0426,0.27134,11.385
0.21413,3.0426,11.39
0.25623,0.21413,11.6
1.6904,0.25623,11.163
0.53177,1.6904,10.697
1.6783,0.53177,10.765
3.2463,1.6783,10.687
2.5455,3.2463,10.108
1.3901,2.5455,10.024
7.0752,1.3901,10.068
5.844,7.0752,10.16
4.1785,5.844,10.485
0.98632,4.1785,10.881
0.11486,0.98632,11.475
0.0079624,0.11486,10.829
6.9271,0.0079624,10.659
0.62393,6.9271,10.538
0.01666,0.62393,10.576
0.049939,0.01666,10.882
0.33389,0.049939,10.326
0.0,0.33389,9.865
0.0,0.0,9.169
0.0,0.0,8.648
0.0073091,0.0,8.105
0.0,0.0073091,8.012
0.0,0.0,8.032
0.0,0.0,8.101
0.0,0.0,7.567
0.0,0.0,7.393
4.4169,0.0,7.417
0.026296,4.4169,7.46
0.27697,0.026296,7.657
8.2412,0.27697,7.487
0.28424,8.2412,7.224
0.0,0.28424,6.833
0.0,0.0,6.787
0.0,0.0,6.421
0.0,0.0,6.025
0.0,0.0,5.896
0.0,0.0,5.778
0.0,0.0,5.615
0.0,0.0,5.369
0.0,0.0,4.6
0.0,0.0,4.368
0.0,0.0,4.036
0.45084,0.0,4.083
0.094692,0.45084,4.32
0.13307,0.094692,4.562
0.36717,0.13307,4.08
6.2403,0.36717,3.699
0.37395,6.2403,3.593
0.23218,0.37395,3.961
0.38669,0.23218,4.254
4.557,0.38669,4.691
0.64667,4.557,4.723
1.4748,0.64667,4.119
8.9018,1.4748,3.796
5.1113,8.9018,3.849
4.9301,5.1113,4.336
16.707,4.9301,4.464
14.935,16.707,4.682
0.67881,14.935,6.012
1.7617,0.67881,8.144
4.9391,1.7617,9.311
0.26578,4.9391,8.578
0.52544,0.26578,7.996
1.1637,0.52544,8.203
0.025031,1.1637,7.93
0.0,0.025031,7.634
0.0,0.0,7.197
1.2556,0.0,6.333
0.64071,1.2556,5.813
0.45018,0.64071,5.561
0.0093508,0.45018,5.412
0.54643,0.0093508,5.331
0.019314,0.54643,4.984
0.0088608,0.019314,4.413
0.0,0.0088608,4.101
0.0,0.0,4.072
0.0,0.0,3.829
0.0,0.0,3.517
0.0,0.0,3.597
0.0,0.0,3.34
0.0,0.0,3.233
0.0,0.0,3.113
0.1098,0.0,3.39
0.8953,0.1098,3.401
0.010902,0.8953,3.511
0.097877,0.010902,3.377
0.014741,0.097877,2.967
0.0,0.014741,2.621
0.0,0.0,2.564
0.0,0.0,2.505
0.0,0.0,2.506
0.0,0.0,2.6
0.14708,0.0,2.872
0.24279,0.14708,2.638
0.4022,0.24279,2.663
0.72532,0.4022,2.444
0.54279,0.72532,2.235
0.49322,0.54279,2.158
0.045488,0.49322,2.313
0.018375,0.045488,2.257
4.08e-05,0.018375,2.078
0.0,4.08e-05,2.262
0.0,0.0,1.789
2.5209,0.0,1.878
1.5173,2.5209,1.761
1.7828,1.5173,1.887
2.7926,1.7828,2.025
1.18,2.7926,2.329
0.27468,1.18,2.485
0.2815,0.27468,2.283
0.78902,0.2815,1.95
1.6559,0.78902,2.045
5.7635,1.6559,2.03
2.291,5.7635,2.349
2.2479,2.291,2.496
4.4887,2.2479,2.519
0.89951,4.4887,2.517
0.090976,0.89951,2.552
0.000572,0.090976,2.663
0.0,0.000572,2.793
0.0,0.0,2.848
0.0,0.0,2.522
0.095018,0.0,2.464
0.75492,0.095018,2.149
0.62385,0.75492,2.027
15.882,0.62385,2.02
1.0339,15.882,2.07
6.4205,1.0339,2.624
0.93814,6.4205,2.815
1.5221,0.93814,2.909
0.083585,1.5221,2.875
0.032789,0.083585,3.186
4.2692,0.032789,3.054
1.0546,4.2692,2.808
6.6022,1.0546,2.748
19.197,6.6022,2.557
0.61968,19.197,2.195
12.611,0.61968,3.909
0.92111,12.611,4.537
1.5173,0.92111,5.509
0.41364,1.5173,5.239
0.15904,0.41364,5.791
0.0060024,0.15904,4.873
2.1912,0.0060024,4.357
17.086,2.1912,3.617
0.063944,17.086,3.554
1.8534,0.063944,4.733
0.11499,1.8534,6.823
9.7655,0.11499,7.667
0.26035,9.7655,6.734
0.0245,0.26035,6.464
0.27268,0.0245,7.388
0.0064516,0.27268,8.274
0.99285,0.0064516,7.639
3.7497,0.99285,7.38
12.526,3.7497,7.041
32.273,12.526,7.168
4.6974,32.273,10.03
11.735,4.6974,54.175
0.15382,11.735,60.026
0.0033891,0.15382,66.357
0.0022458,0.0033891,60.797
0.0069416,0.0022458,49.653
0.0,0.0069416,41.401
0.0,0.0,34.765
0.0,0.0,28.541
0.0069824,0.0,24.973
0.012903,0.0069824,21.908
0.05786,0.012903,20.098
0.39241,0.05786,17.965
0.30535,0.39241,16.002
1.0505,0.30535,14.384
0.32858,1.0505,12.986
14.448,0.32858,12.128
17.533,14.448,12.12
9.0877,17.533,18.184
0.2913,9.0877,32.101
12.629,0.2913,53.395
3.3734,12.629,51.92
0.089343,3.3734,55.76
0.000449,0.089343,69.048
0.002205,0.000449,54.567
1.1855,0.002205,43.337
6.3107,1.1855,37.487
0.25071,6.3107,34.1
0.16313,0.25071,35.78
3.5515,0.16313,37.139
12.702,3.5515,34.158
7.6775,12.702,34.189
25.912,7.6775,52.708
10.794,25.912,84.899
15.327,10.794,190.84
7.749,15.327,209.26
0.85655,7.749,235.08
3.3969,0.85655,270.41
2.424,3.3969,190.1
0.016129,2.424,135.87
0.40666,0.016129,118.72
2.3001,0.40666,103.96
4.3688,2.3001,91.213
0.19535,4.3688,80.891
0.86791,0.19535,78.676
0.1501,0.86791,73.464
0.00147,0.1501,63.414
0.0094324,0.00147,57.68
0.0027766,0.0094324,53.352
0.3236,0.0027766,49.26
0.5256,0.3236,45.034
0.73748,0.5256,41.667
3.9169,0.73748,39.054
5.2657,3.9169,36.927
0.75696,5.2657,36.116
4.3514,0.75696,46.62
6.3404,4.3514,47.221
12.208,6.3404,46.734
6.658,12.208,52.007
3.4813,6.658,89.369
0.30514,3.4813,124.56
0.24961,0.30514,104.69
0.0,0.24961,84.638
0.0,0.0,70.834
0.000653,0.0,60.763
1.586,0.000653,54.568
10.015,1.586,49.454
4.9158,10.015,47.28
4.0892,4.9158,54.831
0.17334,4.0892,79.918
8.0717,0.17334,78.896
5.3733,8.0717,76.882
1.3766,5.3733,83.125
10.013,1.3766,108.01
1.6786,10.013,93.939
7.7256,1.6786,95.916
1.8521,7.7256,102.19
2.7909,1.8521,114.17
2.9882,2.7909,109.28
3.9178,2.9882,98.307
4.3219,3.9178,98.567
1.76,4.3219,94.894
0.33732,1.76,92.174
0.13197,0.33732,90.797
0.50743,0.13197,82.878
3.0576,0.50743,75.196
5.4325,3.0576,69.629
1.3922,5.4325,67.644
0.0539,1.3922,78.371
0.18199,0.0539,78.006
0.14132,0.18199,69.835
0.83589,0.14132,63.231
0.21266,0.83589,57.368
2.3949,0.21266,52.983
4.1728,2.3949,48.552
0.3158,4.1728,46.165
0.29547,0.3158,44.522
0.2274,0.29547,48.135
0.0015517,0.2274,49.064
0.0,0.0015517,50.832
0.0,0.0,48.565
0.000817,0.0,43.552
9.4995,0.000817,38.876
6.9539,9.4995,35.332
0.18444,6.9539,41.034
1.8421,0.18444,67.229
9.5174,1.8421,59.601
5.0435,9.5174,53.104
5.1465,5.0435,60.231
13.01,5.1465,77.869
0.10253,13.01,83.038
0.0031033,0.10253,117.04
0.0,0.0031033,112.64
0.22364,0.0,86.588
0.25692,0.22364,74.86
12.899,0.25692,67.804
7.3899,12.899,62.399
0.19931,7.3899,81.768
0.15141,0.19931,110.36
2.1949,0.15141,83.601
1.9361,2.1949,70.427
1.9538,1.9361,66.296
2.9328,1.9538,63.361
0.10416,2.9328,62.708
0.0,0.10416,61.485
0.0025316,0.0,55.471
0.0048183,0.0025316,49.843
0.0,0.0048183,45.026
0.064394,0.0,41.612
0.0015517,0.064394,39.754
0.000653,0.0015517,38.504
0.0,0.000653,36.772
0.0010617,0.0,34.474
0.0,0.0010617,32.683
0.061699,0.0,31.249
3.3731,0.061699,29.633
1.0206,3.3731,29.336
1.0398,1.0206,28.89
15.575,1.0398,28.374
15.137,15.575,26.833
0.68873,15.137,41.271
0.55227,0.68873,102.26
0.43589,0.55227,85.189
5.6262,0.43589,66.511
3.1154,5.6262,58.846
3.0832,3.1154,58.533
1.4158,3.0832,59.915
1.2885,1.4158,58.55
1.1503,1.2885,57.42
1.2629,1.1503,52.826
10.827,1.2629,50.474
3.9826,10.827,47.217
7.6332,3.9826,58.82
0.76697,7.6332,76.873
0.059371,0.76697,79.365
0.24818,0.059371,88.443
0.0,0.24818,69.879
0.0,0.0,60.048
0.0,0.0,52.004
0.0,0.0,47.559
0.0,0.0,44.223
0.0,0.0,40.012
0.0,0.0,36.955
0.0,0.0,34.639
0.0,0.0,33.365
0.017844,0.0,31.986
0.0,0.017844,31.005
8.6543,0.0,29.859
0.05831,8.6543,27.817
7.4396,0.05831,28.507
4.9588,7.4396,28.052
10.027,4.9588,29.055
0.65904,10.027,32.355
11.161,0.65904,35.159
8.5692,11.161,45.598
4.9953,8.5692,50.084
1.5607,4.9953,83.855
4.946,1.5607,81.959
11.568,4.946,72.146
9.4614,11.568,65.252
0.23916,9.4614,91.213
2.8076,0.23916,133.95
0.99669,2.8076,98.057
0.16456,0.99669,82.066
1.2203,0.16456,70.82
0.0081666,1.2203,63.139
0.097713,0.0081666,56.824
2.0029,0.097713,51.599
5.8607,2.0029,47.247
8.0419,5.8607,44.016
0.06031,8.0419,44.259
0.0,0.06031,50.661
0.0010617,0.0,48.538
0.28955,0.0010617,42.252
0.026991,0.28955,38.412
0.0,0.026991,35.557
0.0,0.0,32.923
0.0049816,0.0,30.9
0.42434,0.0049816,28.979
0.24128,0.42434,28.093
0.77215,0.24128,27.01
0.0013067,0.77215,25.953
0.0,0.0013067,25.331
0.0,0.0,24.003
1.1457,0.0,22.654
0.2169,1.1457,22.239
1.5302,0.2169,21.877
4.4146,1.5302,21.852
8.9336,4.4146,21.866
6.5797,8.9336,22.155
3.5259,6.5797,23.652
0.92564,3.5259,24.277
1.1223,0.92564,24.213
5.2903,1.1223,23.073
5.5604,5.2903,21.615
3.3599,5.5604,21.233
3.4421,3.3599,22.019
8.7195,3.4421,22.138
1.61,8.7195,21.541
0.99114,1.61,23.117
1.2963,0.99114,28.641
1.1441,1.2963,26.05
0.41053,1.1441,24.193
2.3764,0.41053,23.559
0.30225,2.3764,22.434
0.00196,0.30225,20.452
0.000653,0.00196,19.64
2.6485,0.000653,19.159
2.8256,2.6485,18.231
2.5714,2.8256,17.285
3.2992,2.5714,16.545
0.0054716,3.2992,16.72
0.000204,0.0054716,16.471
0.0,0.000204,15.597
0.0,0.0,15.182
0.0,0.0,14.604
0.0,0.0,14.365
0.0,0.0,13.937
0.0,0.0,13.133
0.0,0.0,12.157
0.0,0.0,12.174
0.0062066,0.0,11.95
0.0,0.0062066,11.894
0.0,0.0,11.892
2.7795,0.0,11.044
0.010657,2.7795,10.603
3.3625,0.010657,10.244
0.55239,3.3625,10.008
0.55794,0.55239,10.428
1.814,0.55794,10.018
1.3996,1.814,9.982
3.054,1.3996,10.018
2.6653,3.054,9.717
3.7223,2.6653,9.381
1.5401,3.7223,9.797
2.951,1.5401,9.802
0.029114,2.951,9.519
0.4136,0.029114,9.239
0.037403,0.4136,8.762
0.050061,0.037403,8.104
1.158,0.050061,7.384
0.090853,1.158,7.729
0.04753,0.090853,7.753
0.0,0.04753,7.333
0.0,0.0,7.07
0.0,0.0,6.749
0.0,0.0,6.522
0.0,0.0,5.531
0.0,0.0,4.921
0.44336,0.0,5.096
7.1704,0.44336,5.183
9.7497,7.1704,5.285
0.58118,9.7497,5.431
0.01617,0.58118,6.565
1.0308,0.01617,6.149
0.023438,1.0308,5.942
6.1525,0.023438,5.424
6.3993,6.1525,5.119
1.8647,6.3993,4.89
0.59902,1.8647,4.978
0.45815,0.59902,5.948
0.091548,0.45815,5.037
0.000368,0.091548,4.098
0.000776,0.000368,3.92
0.56317,0.000776,3.996
41.245,0.56317,3.908
8.3879,41.245,3.745
0.31356,8.3879,7.81
2.5156,0.31356,15.734
2.6055,2.5156,16.136
2.2355,2.6055,13.233
0.27379,2.2355,11.777
0.0031441,0.27379,10.688
0.017885,0.0031441,9.745
0.018334,0.017885,8.495
0.10747,0.018334,7.412
0.0,0.10747,7.001
0.14671,0.0,6.498
0.6363,0.14671,6.227
3.7543,0.6363,6.036
6.7559,3.7543,5.392
0.44802,6.7559,5.52
12.904,0.44802,6.153
4.7921,12.904,6.177
3.1908,4.7921,6.773
2.5686,3.1908,9.966
2.2364,2.5686,11.784
0.92605,2.2364,11.191
0.029441,0.92605,11.185
0.14896,0.029441,11.156
0.0,0.14896,10.331
0.34537,0.0,9.746
0.23103,0.34537,8.974
0.051286,0.23103,7.782
0.16501,0.051286,7.52
0.0,0.16501,6.98
0.0,0.0,6.425
0.0,0.0,6.292
0.000735,0.0,6.275
4.08e-05,0.000735,5.779
0.0011025,4.08e-05,5.534
0.0,0.0011025,5.229
0.012413,0.0,5.215
0.0,0.012413,4.809
0.0,0.0,4.716
0.0,0.0,4.468
0.0,0.0,3.803
0.0,0.0,3.702
0.0,0.0,3.497
0.0,0.0,3.181
0.16399,0.0,2.69
0.0,0.16399,2.628
0.0,0.0,3.115
0.048918,0.0,3.417
2.7837,0.048918,3.985
3.0367,2.7837,3.974
0.68816,3.0367,4.202
1.7038,0.68816,3.828
1.2774,1.7038,3.777
12.602,1.2774,3.631
4.3575,12.602,3.896
1.3902,4.3575,4.635
6.3479,1.3902,5.005
0.22238,6.3479,5.464
4.8197,0.22238,5.144
4.346,4.8197,5.145
0.080563,4.346,5.85
0.24561,0.080563,6.266
1.2114,0.24561,6.853
0.18301,1.2114,6.518
0.0032258,0.18301,6.043
0.043079,0.0032258,5.228
9.9232,0.043079,5.174
6.3599,9.9232,5.038
6.4946,6.3599,4.845
3.9085,6.4946,5.938
5.3655,3.9085,11.362
0.70376,5.3655,13.982
6.9122,0.70376,13.563
2.8886,6.9122,14.683
7.4765,2.8886,16.841
0.9372,7.4765,19.545
0.24941,0.9372,20.79
0.20796,0.24941,23.798
3.4086,0.20796,24.546
20.017,3.4086,21.919
6.3118,20.017,20.574
2.9872,6.3118,38.87
6.1058,2.9872,58.057
3.4336,6.1058,53.088
0.14618,3.4336,51.817
5.5681,0.14618,55.026
5.913,5.5681,49.445
1.4733,5.913,44.038
0.96207,1.4733,50.532
5.8332,0.96207,53.603
2.9486,5.8332,48.595
8.9619,2.9486,43.316
3.8575,8.9619,44.153
0.261,3.8575,51.563
0.56566,0.261,63.702
0.12197,0.56566,55.961
0.41972,0.12197,49.231
0.63655,0.41972,43.678
0.0073908,0.63655,39.372
1.0973,0.0073908,35.959
0.47379,1.0973,32.022
0.26925,0.47379,30.058
0.65566,0.26925,29.087
0.29869,0.65566,28.124
16.8,0.29869,26.73
10.631,16.8,26.107
0.074724,10.631,47.296
0.12838,0.074724,97.793
0.28305,0.12838,72.507
9.5613,0.28305,56.473
6.5009,9.5613,48.236
0.10972,6.5009,48.807
11.589,0.10972,81.134
1.1955,11.589,74.032
12.076,1.1955,81.394
1.135,12.076,93.37
1.4858,1.135,111.55
1.6961,1.4858,107.07
16.516,1.6961,87.301
6.1636,16.516,77.488
0.09755,6.1636,100.99
0.026174,0.09755,151.0
0.15688,0.026174,112.85
5.0022,0.15688,91.871
0.24145,5.0022,78.066
0.23781,0.24145,74.975
0.00392,0.23781,74.032
0.0,0.00392,66.724
1.4673,0.0,60.224
0.055247,1.4673,55.629
0.26072,0.055247,52.496
0.22254,0.26072,49.269
0.0037975,0.22254,46.927
2.1459,0.0037975,44.451
0.39894,2.1459,42.356
3.839,0.39894,40.672
0.53005,3.839,39.209
0.0016333,0.53005,38.376
0.0,0.0016333,39.777
0.0,0.0,36.148
0.0,0.0,34.591
0.000531,0.0,31.928
1.7326,0.000531,30.536
0.020498,1.7326,28.501
0.29379,0.020498,27.823
0.32446,0.29379,27.637
1.849,0.32446,27.672
2.512,1.849,26.625
1.2317,2.512,26.013
1.591,1.2317,25.291
2.8383,1.591,24.316
1.2484,2.8383,23.64
0.044875,1.2484,23.74
0.17501,0.044875,22.976
0.0,0.17501,21.687
0.000817,0.0,22.496
0.0049816,0.000817,24.553
2.9023,0.0049816,23.788
0.31613,2.9023,23.589
0.01911,0.31613,24.868
0.066354,0.01911,26.922
0.043977,0.066354,26.127
0.0049408,0.043977,24.706
10.146,0.0049408,23.379
2.8376,10.146,22.58
0.63977,2.8376,25.592
0.015476,0.63977,37.981
0.0,0.015476,37.61
0.0028175,0.0,33.005
0.0,0.0028175,30.397
0.25798,0.0,28.559
0.53757,0.25798,27.459
0.020212,0.53757,26.386
0.042711,0.020212,25.427
0.000531,0.042711,24.49
0.019273,0.000531,24.488
0.0,0.019273,22.882
0.0,0.0,21.996
2.7586,0.0,21.342
0.43381,2.7586,21.249
0.34716,0.43381,20.909
19.339,0.34716,21.173
1.0429,19.339,20.673
0.3882,1.0429,42.54
2.5648,0.3882,60.974
0.096529,2.5648,49.43
2.7399,0.096529,44.536
8.1026,2.7399,40.055
2.0394,8.1026,37.53
7.4225,2.0394,43.86
5.477,7.4225,52.984
0.4931,5.477,59.226
0.12393,0.4931,71.14
3.7284,0.12393,65.343
8.0074,3.7284,55.141
13.788,8.0074,51.661
6.3612,13.788,63.541
9.4673,6.3612,107.29
7.952,9.4673,121.84
0.28869,7.952,146.51
4.3535,0.28869,135.51
5.1557,4.3535,113.4
6.9426,5.1557,99.56
5.7523,6.9426,99.24
5.4316,5.7523,103.89
2.6024,5.4316,108.72
1.4886,2.6024,103.65
5.0971,1.4886,101.62
0.58191,5.0971,92.537
0.003675,0.58191,88.509
0.18555,0.003675,80.548
0.72213,0.18555,71.842
0.21625,0.72213,65.347
2.009,0.21625,59.954
0.0062883,2.009,55.609
0.03234,0.0062883,52.068
0.17554,0.03234,48.337
0.19661,0.17554,46.099
0.0412,0.19661,43.009
2.008,0.0412,40.62
0.13552,2.008,38.577
0.0066966,0.13552,37.011
4.08e-05,0.0066966,35.3
0.70486,4.08e-05,33.544
0.27415,0.70486,31.986
0.0018375,0.27415,31.561
0.0,0.0018375,30.602
0.0,0.0,28.213
4.4295,0.0,26.844
3.6351,4.4295,26.476
0.19175,3.6351,26.958
1.1075,0.19175,26.558
0.44557,1.1075,26.232
4.4951,0.44557,25.086
0.13279,4.4951,25.231
4.08e-05,0.13279,26.007
0.0,4.08e-05,25.584
0.0,0.0,24.033
0.025725,0.0,23.685
0.63985,0.025725,22.97
0.39939,0.63985,21.762
0.14034,0.39939,21.05
0.4784,0.14034,20.66
0.024786,0.4784,19.885
0.000653,0.024786,19.4
0.0,0.000653,19.167
0.0,0.0,18.293
0.0,0.0,17.133
0.0,0.0,15.897
0.0,0.0,15.304
0.0,0.0,14.804
0.0016742,0.0,15.235
0.0,0.0016742,15.115
0.0,0.0,14.562
0.0,0.0,13.731
0.0,0.0,13.48
0.11719,0.0,13.449
0.0020416,0.11719,12.876
0.017354,0.0020416,12.438
0.0,0.017354,12.407
0.048714,0.0,11.986
24.152,0.048714,11.614
4.6984,24.152,11.254
4.9792,4.6984,15.413
8.8954,4.9792,21.8
2.9542,8.8954,21.21
0.034504,2.9542,22.8
0.0016333,0.034504,26.163
0.0,0.0016333,21.542
0.084116,0.0,18.408
1.4479,0.084116,16.985
11.428,1.4479,16.178
3.4933,11.428,15.687
1.3595,3.4933,19.2
3.8274,1.3595,20.278
3.5371,3.8274,18.426
8.6612,3.5371,18.042
12.62,8.6612,19.091
4.0587,12.62,22.02
3.0046,4.0587,42.441
1.355,3.0046,56.591
0.025112,1.355,47.251
0.0,0.025112,40.792
0.0067374,0.0,35.312
10.827,0.0067374,30.881
6.0544,10.827,28.089
4.1703,6.0544,29.757
0.20608,4.1703,38.757
0.49698,0.20608,39.677
0.000408,0.49698,36.649
0.0,0.000408,31.886
0.0,0.0,28.301
0.0,0.0,26.213
0.0,0.0,24.033
0.0,0.0,23.263
0.0,0.0,22.174
0.0,0.0,20.046
0.0,0.0,19.31
0.0,0.0,19.004
0.0,0.0,17.649
0.0,0.0,17.031
0.0,0.0,15.862
0.62756,0.0,15.243
17.418,0.62756,14.667
5.2007,17.418,14.57
2.1878,5.2007,16.975
0.44112,2.1878,18.651
2.2102,0.44112,17.212
13.697,2.2102,15.014
0.8374,13.697,14.266
5.3321,0.8374,15.926
0.18277,5.3321,18.937
0.0037975,0.18277,18.567
0.0,0.0037975,18.943
0.0,0.0,16.675
0.75823,0.0,15.12
1.4162,0.75823,14.322
4.3143,1.4162,13.212
24.17,4.3143,12.613
2.0063,24.17,13.594
0.029563,2.0063,21.198
0.000531,0.029563,33.053
16.323,0.000531,28.159
0.67256,16.323,22.284
3.4869,0.67256,24.597
0.31735,3.4869,33.535
0.12748,0.31735,30.078
0.017681,0.12748,26.174
0.31396,0.017681,23.3
4.1823,0.31396,20.746
4.9141,4.1823,17.972
1.0408,4.9141,16.787
0.1002,1.0408,16.661
0.0020008,0.1002,16.133
0.042834,0.0020008,15.017
0.0,0.042834,14.11
0.0,0.0,13.574
0.022581,0.0,12.655
1.2362,0.022581,11.366
0.4684,1.2362,10.617
7.9343,0.4684,10.29
1.2989,7.9343,9.751
2.5517,1.2989,9.908
1.0455,2.5517,10.373
8.5708,1.0455,9.696
0.0044916,8.5708,8.906
0.0,0.0044916,9.23
0.0,0.0,9.152
0.0,0.0,8.489
0.14483,0.0,7.992
0.72638,0.14483,7.217
6.3871,0.72638,6.673
1.1387,6.3871,6.182
7.5247,1.1387,6.292
6.8355,7.5247,6.779
2.5237,6.8355,7.586
0.29085,2.5237,10.404
7.6215,0.29085,10.658
3.0295,7.6215,10.083
0.73675,3.0295,10.294
0.28534,0.73675,10.376
0.54455,0.28534,10.221
2.4487,0.54455,9.825
7.5617,2.4487,9.704
4.0308,7.5617,10.119
0.15149,4.0308,11.396
0.031646,0.15149,11.744
3.2808,0.031646,13.285
2.5948,3.2808,13.714
2.2938,2.5948,12.8
0.73062,2.2938,11.692
0.87873,0.73062,10.94
1.8065,0.87873,10.156
1.9906,1.8065,9.378
3.2659,1.9906,9.446
0.35165,3.2659,9.339
0.020049,0.35165,9.338
0.027848,0.020049,9.094
3.3783,0.027848,8.909
2.1227,3.3783,9.42
1.0678,2.1227,8.21
0.4822,1.0678,7.697
3.0574,0.4822,7.794
2.0973,3.0574,7.607
1.6727,2.0973,7.369
10.505,1.6727,7.297
0.92523,10.505,7.431
8.2336,0.92523,8.199
0.13993,8.2336,8.243
5.0642,0.13993,10.702
17.011,5.0642,11.509
4.2557,17.011,11.127
7.4656,4.2557,18.78
4.5816,7.4656,36.374
1.6925,4.5816,33.194
1.9693,1.6925,35.941
0.75398,1.9693,34.072
0.0037975,0.75398,29.327
0.048632,0.0037975,26.436
4.08e-05,0.048632,23.597
0.1296,4.08e-05,20.843
1.3944,0.1296,18.512
1.4828,1.3944,17.046
1.1808,1.4828,16.719
0.73614,1.1808,15.981
5.5771,0.73614,15.149
6.6557,5.5771,14.046
0.22303,6.6557,13.62
0.089179,0.22303,14.061
0.59526,0.089179,14.732
0.47677,0.59526,14.294
0.017926,0.47677,13.359
4.08e-05,0.017926,13.785
0.0052675,4.08e-05,13.503
0.0057166,0.0052675,13.385
0.0,0.0057166,12.235
0.0,0.0,12.031
0.00588,0.0,12.399
0.49428,0.00588,11.495
0.4537,0.49428,10.986
4.9898,0.4537,10.508
0.096733,4.9898,10.398
0.0,0.096733,10.368
0.077379,0.0,10.119
0.20069,0.077379,9.568
8.9209,0.20069,9.69
2.2499,8.9209,9.516
4.9212,2.2499,9.911
8.9193,4.9212,10.815
3.706,8.9193,11.603
6.7646,3.706,12.983
14.908,6.7646,18.852
0.78412,14.908,23.016
1.1535,0.78412,47.635
8.4345,1.1535,56.807
6.712,8.4345,42.877
16.812,6.712,41.271
6.671,16.812,45.039
0.077093,6.671,68.873
0.03381,0.077093,127.78
0.0011433,0.03381,103.79
0.0,0.0011433,80.562
0.0,0.0,66.257
0.0,0.0,55.972
0.0,0.0,49.282
0.0,0.0,42.43
0.0,0.0,38.178
0.0,0.0,35.563
0.0,0.0,33.041
1.7061,0.0,30.384
1.5256,1.7061,27.73
0.10576,1.5256,26.249
0.6657,0.10576,25.296
0.95088,0.6657,24.573
0.1412,0.95088,23.854
6.2219,0.1412,23.677
6.1579,6.2219,22.759
0.031972,6.1579,23.023
0.099224,0.031972,27.308
0.18906,0.099224,28.968
4.4313,0.18906,26.786
0.36407,4.4313,24.521
0.24508,0.36407,23.231
0.24402,0.24508,23.952
0.66946,0.24402,23.557
1.5822,0.66946,22.353
1.6878,1.5822,21.184
3.5941,1.6878,20.975
18.934,3.5941,21.869
2.933,18.934,25.143
1.3354,2.933,54.939
4.5502,1.3354,71.973
1.1194,4.5502,62.783
0.21911,1.1194,59.831
6.4423,0.21911,55.593
8.4534,6.4423,50.244
6.6923,8.4534,55.582
0.76913,6.6923,75.829
1.1352,0.76913,89.607
0.62568,1.1352,91.53
0.29551,0.62568,76.448
0.24063,0.29551,66.906
0.04512,0.24063,59.514
0.000939,0.04512,53.402
0.0,0.000939,49.367
0.21548,0.0,44.606
1.5214,0.21548,40.865
0.31143,1.5214,38.748
4.4494,0.31143,37.279
2.198,4.4494,36.876
17.83,2.198,36.805
8.1077,17.83,37.172
0.22246,8.1077,65.675
0.0081258,0.22246,104.63
0.13708,0.0081258,92.013
0.0,0.13708,72.027
0.0,0.0,62.364
0.0015925,0.0,55.617
11.243,0.0015925,50.256
0.8341,11.243,45.956
0.15757,0.8341,48.561
0.12352,0.15757,55.335
1.9372,0.12352,51.577
4.2938,1.9372,47.043
3.5305,4.2938,43.866
13.356,3.5305,48.029
8.5408,13.356,52.411
1.2951,8.5408,80.382
1.0561,1.2951,115.17
0.91172,1.0561,101.66
7.1352,0.91172,84.953
6.1051,7.1352,77.831
2.2698,6.1051,84.186
10.934,2.2698,93.988
4.3993,10.934,94.454
7.7556,4.3993,134.33
6.0249,7.7556,115.08
5.539,6.0249,113.37
4.5704,5.539,132.32
11.496,4.5704,118.9
6.4414,11.496,136.88
0.49829,6.4414,130.79
0.15766,0.49829,187.73
1.2526,0.15766,137.79
3.3425,1.2526,111.71
7.603,3.3425,95.579
4.8963,7.603,92.783
1.2534,4.8963,111.51
0.12479,1.2534,100.89
5.9267,0.12479,93.029
8.1398,5.9267,80.636
0.063618,8.1398,82.215
7.7852,0.063618,100.95
0.41715,7.7852,93.796
9.0893,0.41715,104.31
0.1784,9.0893,105.16
0.0064516,0.1784,116.36
0.012699,0.0064516,110.81
0.0,0.012699,92.579
0.0,0.0,81.902
0.0,0.0,74.535
0.0,0.0,67.728
0.48175,0.0,62.494
0.085953,0.48175,57.854
0.0037566,0.085953,53.966
0.0032666,0.0037566,51.219
0.1655,0.0032666,47.801
0.15353,0.1655,46.031
0.094283,0.15353,43.444
4.8444,0.094283,40.728
2.326,4.8444,39.378
0.41078,2.326,39.861
1.7013,0.41078,38.986
2.5692,1.7013,39.533
0.78926,2.5692,38.208
0.053083,0.78926,38.996
0.12319,0.053083,38.19
0.16268,0.12319,36.439
0.38501,0.16268,34.983
0.15847,0.38501,33.169
0.031441,0.15847,31.735
0.37342,0.031441,29.711
0.25141,0.37342,28.562
1.2693,0.25141,27.921
2.3351,1.2693,27.911
0.13806,2.3351,26.968
0.1305,0.13806,25.803
0.040139,0.1305,25.6
0.72274,0.040139,24.3
0.51454,0.72274,23.294
2.9031,0.51454,22.655
1.9483,2.9031,22.894
1.7727,1.9483,22.955
14.047,1.7727,22.41
3.7874,14.047,22.772
6.3095,3.7874,33.288
11.499,6.3095,51.805
12.924,11.499,57.392
2.6583,12.924,82.639
0.51543,2.6583,158.94
0.3089,0.51543,114.22
2.3876,0.3089,88.799
0.81707,2.3876,74.01
0.2668,0.81707,67.378
0.0018375,0.2668,57.744
0.0,0.0018375,52.609
0.0,0.0,48.993
0.043487,0.0,44.839
0.0018375,0.043487,41.678
0.0,0.0018375,39.339
0.0,0.0,36.649
0.0,0.0,34.181
0.0,0.0,33.085
0.0,0.0,31.297
5.3711,0.0,30.295
11.125,5.3711,29.451
5.4011,11.125,29.961
0.26758,5.4011,36.83
0.27521,0.26758,46.595
0.20347,0.27521,45.216
7.8458,0.20347,38.195
0.0033483,7.8458,34.652
0.023275,0.0033483,40.323
12.307,0.023275,39.111
16.227,12.307,34.93
7.8775,16.227,46.63
2.1514,7.8775,112.03
2.5794,2.1514,129.59
0.92907,2.5794,99.978
2.6911,0.92907,86.356
14.668,2.6911,75.631
0.33181,14.668,66.827
0.080318,0.33181,96.043
0.41241,0.080318,85.299
0.58534,0.41241,64.642
1.5896,0.58534,55.487
0.2793,1.5896,49.941
0.8078,0.2793,46.079
0.81217,0.8078,42.494
0.98648,0.81217,40.318
3.0825,0.98648,37.716
4.8212,3.0825,36.558
0.66942,4.8212,40.222
3.2998,0.66942,39.596
5.3133,3.2998,38.361
1.241,5.3133,42.588
3.4321,1.241,42.097
7.1588,3.4321,42.102
2.055,7.1588,46.995
5.3242,2.055,50.174
6.4938,5.3242,51.45
2.1692,6.4938,59.932
0.089628,2.1692,58.168
0.045406,0.089628,45.73
0.042589,0.045406,39.358
0.05786,0.042589,36.364
1.1827,0.05786,33.097
4.9936,1.1827,32.19
4.4595,4.9936,32.891
2.3862,4.4595,33.017
0.97268,2.3862,32.642
0.65325,0.97268,31.304
1.2056,0.65325,29.884
0.9488,1.2056,27.93
0.000368,0.9488,27.252
0.51801,0.000368,26.035
0.15459,0.51801,24.73
0.0037566,0.15459,24.307
0.0,0.0037566,22.774
0.0,0.0,22.435
0.0,0.0,21.217
0.0,0.0,20.819
0.0,0.0,18.726
0.0,0.0,17.167
0.0,0.0,16.73
0.0,0.0,16.05
0.19939,0.0,15.721
0.33565,0.19939,15.074
0.22928,0.33565,14.357
1.0353,0.22928,14.841
2.5454,1.0353,15.065
2.2046,2.5454,14.951
0.023969,2.2046,15.28
0.66448,0.023969,14.8
2.0363,0.66448,13.992
10.995,2.0363,13.489
1.06,10.995,14.081
0.79232,1.06,33.379
13.732,0.79232,28.978
2.0329,13.732,23.92
0.027521,2.0329,27.701
0.0,0.027521,37.945
3.1884,0.0,30.926
18.281,3.1884,25.744
1.2402,18.281,23.3
0.015639,1.2402,32.518
2.2821,0.015639,44.733
2.0304,2.2821,37.538
4.6296,2.0304,31.791
6.6864,4.6296,28.118
1.7095,6.6864,26.008
6.6579,1.7095,26.377
5.3583,6.6579,29.236
2.6654,5.3583,29.868
0.53565,2.6654,33.759
0.051205,0.53565,30.867
0.0,0.051205,27.723
0.10661,0.0,25.613
0.0,0.10661,24.507
0.0020825,0.0,23.326
0.19588,0.0020825,22.018
0.40706,0.19588,21.198
0.26223,0.40706,20.638
0.027685,0.26223,20.322
3.5549,0.027685,19.655
0.44439,3.5549,18.364
1.5252,0.44439,17.616
6.9325,1.5252,17.299
0.63708,6.9325,16.724
0.83422,0.63708,17.267
0.77362,0.83422,17.046
0.0075133,0.77362,15.589
2.7798,0.0075133,14.761
2.8657,2.7798,14.207
10.253,2.8657,13.565
3.4835,10.253,13.299
0.38493,3.4835,13.284
1.2042,0.38493,16.035
13.818,1.2042,15.359
0.65468,13.818,14.32
0.14369,0.65468,19.994
8.832,0.14369,23.67
3.0002,8.832,21.267
2.8282,3.0002,20.285
1.9999,2.8282,22.996
4.5818,1.9999,23.969
3.618,4.5818,22.274
0.80286,3.618,21.559
0.0029808,0.80286,22.826
13.085,0.0029808,22.75
1.0151,13.085,21.816
0.0,1.0151,24.737
0.71017,0.0,33.59
3.1548,0.71017,30.88
0.1138,3.1548,27.504
8.17e-05,0.1138,26.294
0.0,8.17e-05,26.035
0.12589,0.0,24.687
1.6846,0.12589,23.5
2.8369,1.6846,21.976
2.5305,2.8369,20.083
1.2169,2.5305,19.666
0.18865,1.2169,19.325
6.2079,0.18865,18.393
0.049898,6.2079,17.413
0.0,0.049898,17.229
0.068354,0.0,17.227
2.9669,0.068354,15.555
0.11617,2.9669,14.88
6.0739,0.11617,14.21
3.302,6.0739,13.965
2.4976,3.302,13.488
2.6334,2.4976,13.562
0.0,2.6334,12.854
0.0,0.0,12.267
0.000449,0.0,11.989
0.0,0.000449,11.805
0.78746,0.0,10.958
5.9042,0.78746,10.471
6.3492,5.9042,9.844
0.35733,6.3492,9.49
0.42164,0.35733,11.205
4.9701,0.42164,11.242
3.1519,4.9701,9.818
5.0957,3.1519,9.783
4.2121,5.0957,11.247
18.147,4.2121,11.803
5.1721,18.147,14.138
3.2803,5.1721,36.499
3.7424,3.2803,41.16
5.7819,3.7424,35.299
0.84924,5.7819,31.564
2.7181,0.84924,35.004
0.52724,2.7181,34.927
0.000898,0.52724,31.289
0.9606,0.000898,28.783
0.014128,0.9606,27.034
0.0057983,0.014128,25.065
0.0,0.0057983,23.713
0.000776,0.0,21.744
0.0,0.000776,20.86
0.0,0.0,19.973
2.6483,0.0,19.15
3.5019,2.6483,18.176
7.0811,3.5019,17.974
3.4666,7.0811,17.986
0.28608,3.4666,17.548
4.1263,0.28608,20.469
17.391,4.1263,21.687
0.13548,17.391,24.673
0.37836,0.13548,43.28
0.79706,0.37836,41.359
2.2489,0.79706,34.209
1.2069,2.2489,29.205
0.95904,1.2069,27.135
0.0068599,0.95904,26.152
0.23312,0.0068599,23.583
4.7547,0.23312,22.109
2.251,4.7547,21.399
0.22985,2.251,21.552
2.645,0.22985,22.17
10.461,2.645,21.029
0.18105,10.461,20.735
9.8458,0.18105,28.08
1.3428,9.8458,33.146
0.20547,1.3428,35.786
0.17673,0.20547,45.147
2.5913,0.17673,40.405
18.903,2.5913,33.297
6.2116,18.903,31.551
2.5206,6.2116,65.973
13.039,2.5206,88.82
6.9506,13.039,83.899
2.3825,6.9506,92.976
9.575,2.3825,139.89
4.9192,9.575,106.43
3.258,4.9192,102.51
5.6187,3.258,115.82
1.9663,5.6187,100.31
0.5479,1.9663,92.126
10.782,0.5479,87.21
5.7096,10.782,79.236
0.1833,5.7096,84.973
0.20494,0.1833,108.05
0.69094,0.20494,90.752
0.062719,0.69094,75.356
7.2298,0.062719,66.601
7.2363,7.2298,60.625
2.5191,7.2363,62.957
0.68077,2.5191,76.896
9.8058,0.68077,73.168
1.147,9.8058,63.522
5.0497,1.147,72.868
0.042711,5.0497,82.713
0.19665,0.042711,80.532
3.8692,0.19665,73.955
8.6991,3.8692,64.283
0.61017,8.6991,61.645
2.0031,0.61017,84.48
0.81523,2.0031,82.009
8.8763,0.81523,72.138
0.071784,8.8763,68.152
6.1384,0.071784,74.603
0.50094,6.1384,84.824
0.78595,0.50094,81.449
2.221,0.78595,81.641
4.9002,2.221,73.543
0.12479,4.9002,68.695
0.19706,0.12479,71.648
0.1069,0.19706,71.607
0.40563,0.1069,63.643
1.9343,0.40563,58.253
0.28048,1.9343,53.753
0.094692,0.28048,50.916
0.21719,0.094692,50.617
0.02156,0.21719,47.469
5.6114,0.02156,44.61
0.51135,5.6114,42.651
4.8225,0.51135,45.494
1.2526,4.8225,48.687
4.7325,1.2526,47.273
2.7673,4.7325,57.294
8.5207,2.7673,59.069
3.6969,8.5207,62.62
0.19955,3.6969,86.272
0.22544,0.19955,86.287
7.5396,0.22544,74.0
3.2251,7.5396,67.007
0.17268,3.2251,75.528
0.29192,0.17268,78.319
1.8739,0.29192,69.316
3.4163,1.8739,61.864
2.9937,3.4163,59.361
3.3229,2.9937,63.106
5.0276,3.3229,62.162
5.7645,5.0276,71.65
3.4535,5.7645,78.103
1.5775,3.4535,83.943
11.767,1.5775,85.322
4.0248,11.767,81.719
3.9759,4.0248,110.83
4.9328,3.9759,113.59
4.9853,4.9328,112.03
5.465,4.9853,101.79
18.337,5.465,101.88
1.6727,18.337,111.44
1.6636,1.6727,221.79
7.0514,1.6636,230.37
0.2586,7.0514,136.14
0.038628,0.2586,131.62
8.17e-05,0.038628,112.48
10.462,8.17e-05,93.837
5.2289,10.462,80.942
1.9261,5.2289,94.904
7.1129,1.9261,114.56
10.309,7.1129,118.1
3.027,10.309,123.56
1.2214,3.027,160.97
5.4613,1.2214,131.03
3.9963,5.4613,115.6
0.21315,3.9963,120.57
0.011352,0.21315,111.03
0.77738,0.011352,101.96
0.82332,0.77738,89.03
6.4882,0.82332,82.432
5.6379,6.4882,77.359
1.6668,5.6379,79.954
5.2824,1.6668,81.978
1.4491,5.2824,88.591
0.7708,1.4491,89.33
0.38942,0.7708,88.941
0.032993,0.38942,80.299
0.0068599,0.032993,72.769
0.0,0.0068599,67.187
0.63418,0.0,61.335
0.38755,0.63418,56.791
0.39412,0.38755,53.595
3.6463,0.39412,49.96
4.1401,3.6463,47.731
1.0975,4.1401,48.173
0.11188,1.0975,47.835
0.025235,0.11188,48.407
0.98526,0.025235,46.562
0.27832,0.98526,42.914
0.78085,0.27832,40.981
0.28322,0.78085,39.828
0.59326,0.28322,38.417
0.59122,0.59326,36.821
0.8256,0.59122,35.751
2.2583,0.8256,34.16
0.099102,2.2583,33.495
5.0396,0.099102,33.359
5.1875,5.0396,33.316
0.8107,5.1875,33.972
7.4162,0.8107,40.805
0.14153,7.4162,41.616
1.5476,0.14153,52.287
2.1606,1.5476,49.492
2.2017,2.1606,47.562
9.541,2.2017,46.092
13.344,9.541,45.229
7.1807,13.344,54.437
3.0072,7.1807,93.901
0.11682,3.0072,125.44
0.22336,0.11682,109.11
0.18506,0.22336,88.607
0.14332,0.18506,73.783
0.062842,0.14332,65.741
0.05586,0.062842,59.385
0.000612,0.05586,53.374
3.1061,0.000612,48.057
0.39931,3.1061,44.298
0.2588,0.39931,44.094
0.17897,0.2588,42.519
0.8285,0.17897,39.648
0.0030216,0.8285,36.428
0.4708,0.0030216,34.418
0.014006,0.4708,33.472
0.0086974,0.014006,31.835
2.6804,0.0086974,30.524
0.20012,2.6804,29.396
1.0109,0.20012,29.004
0.62715,1.0109,28.619
0.058963,0.62715,27.591
0.17734,0.058963,25.986
0.017272,0.17734,24.967
1.9313,0.017272,24.231
12.851,1.9313,23.419
0.61123,12.851,22.887
0.17338,0.61123,27.035
0.35851,0.17338,31.538
2.2699,0.35851,27.769
0.34822,2.2699,25.35
0.4519,0.34822,24.399
1.1243,0.4519,23.131
5.0034,1.1243,22.478
4.0093,5.0034,21.665
0.89657,4.0093,22.389
0.052634,0.89657,23.936
0.6519,0.052634,22.985
0.90318,0.6519,22.489
10.871,0.90318,21.431
1.7753,10.871,20.617
5.7479,1.7753,25.314
3.6751,5.7479,28.682
1.2139,3.6751,26.47
1.1748,1.2139,29.277
1.2492,1.1748,28.379
0.35496,1.2492,26.147
6.555,0.35496,24.306
6.1428,6.555,22.645
6.1122,6.1428,22.845
0.76423,6.1122,31.903
1.6127,0.76423,46.917
7.9655,1.6127,41.97
3.9942,7.9655,36.514
0.2187,3.9942,36.699
4.08e-05,0.2187,44.354
0.0,4.08e-05,39.661
0.0,0.0,34.797
0.0,0.0,31.613
0.0,0.0,29.861
0.0,0.0,28.384
0.037036,0.0,26.468
0.18918,0.037036,25.438
0.046468,0.18918,23.796
1.5664,0.046468,21.925
0.2922,1.5664,20.472
3.7565,0.2922,20.023
1.9163,3.7565,19.307
3.3781,1.9163,19.164
9.5126,3.3781,19.106
7.0383,9.5126,18.519
4.537,7.0383,22.371
1.3922,4.537,25.662
0.065659,1.3922,34.1
0.0095549,0.065659,30.797
0.000531,0.0095549,26.651
0.0,0.000531,23.839
0.0013475,0.0,21.823
1.5935,0.0013475,20.047
0.2697,1.5935,19.073
0.3158,0.2697,17.239
2.6325,0.3158,17.237
0.68542,2.6325,16.381
0.36427,0.68542,15.358
0.0083299,0.36427,14.966
12.211,0.0083299,13.822
2.9539,12.211,13.463
0.24104,2.9539,14.498
0.011147,0.24104,16.875
0.0,0.011147,15.719
0.019069,0.0,14.365
13.179,0.019069,13.417
2.7152,13.179,13.212
3.3651,2.7152,16.861
1.084,3.3651,18.2
0.30902,1.084,17.905
0.23879,0.30902,17.033
0.000572,0.23879,16.136
0.026256,0.000572,15.077
0.0,0.026256,13.246
0.053083,0.0,12.769
0.33287,0.053083,12.596
0.89053,0.33287,12.492
0.13683,0.89053,12.172
0.34173,0.13683,11.411
0.59375,0.34173,10.919
0.12985,0.59375,10.147
0.2617,0.12985,10.234
7.5181,0.2617,9.88
0.83757,7.5181,10.228
0.062393,0.83757,10.739
2.2212,0.062393,10.77
0.017885,2.2212,10.223
0.000572,0.017885,10.171
0.019477,0.000572,9.963
11.582,0.019477,9.758
2.0556,11.582,9.878
1.7962,2.0556,10.323
0.25018,1.7962,11.177
4.5351,0.25018,10.758
5.6325,4.5351,9.966
0.82572,5.6325,9.267
0.60335,0.82572,10.315
1.6162,0.60335,10.522
0.71564,1.6162,10.637
0.046182,0.71564,9.945
0.061004,0.046182,9.529
0.0,0.061004,8.956
0.23189,0.0,8.398
0.62989,0.23189,8.171
0.00147,0.62989,7.92
1.8738,0.00147,7.846
1.115,1.8738,7.191
0.072438,1.115,6.968
1.0309,0.072438,6.928
0.88942,1.0309,6.634
6.8767,0.88942,6.404
5.8924,6.8767,6.331
10.831,5.8924,7.191
0.49555,10.831,8.044
0.35708,0.49555,9.529
0.0012658,0.35708,8.759
0.0,0.0012658,8.041
0.14341,0.0,7.642
0.0,0.14341,7.31
0.0,0.0,6.972
0.0,0.0,6.541
4.08e-05,0.0,5.949
0.0,4.08e-05,5.7
4.08e-05,0.0,5.291
0.0,4.08e-05,5.302
1.3146,0.0,5.113
5.1042,1.3146,5.17
0.096162,5.1042,5.039
34.469,0.096162,5.298
4.1039,34.469,4.972
14.713,4.1039,16.061
1.011,14.713,25.394
0.35235,1.011,22.875
0.044998,0.35235,26.831
0.14173,0.044998,23.031
0.0294,0.14173,19.514
2.0801,0.0294,16.315
1.9325,2.0801,14.367
3.0449,1.9325,13.237
0.42732,3.0449,12.59
6.4811,0.42732,12.305
5.4546,6.4811,11.327
7.3205,5.4546,9.776
0.021151,7.3205,12.014
0.027072,0.021151,19.956
0.068109,0.027072,18.891
0.51205,0.068109,15.791
0.34553,0.51205,13.716
5.1077,0.34553,12.552
6.7332,5.1077,11.726
2.3938,6.7332,11.056
0.15786,2.3938,12.449
0.40363,0.15786,12.111
2.0397,0.40363,11.676
0.04512,2.0397,10.83
0.14332,0.04512,10.162
0.0072274,0.14332,9.923
0.00147,0.0072274,9.519
0.079543,0.00147,8.534
0.46978,0.079543,7.351
0.6421,0.46978,6.139
15.452,0.6421,5.337
1.752,15.452,4.764
12.715,1.752,5.766
0.050633,12.715,6.467
16.176,0.050633,10.018
5.1271,16.176,10.787
6.5385,5.1271,17.036
0.24892,6.5385,32.078
0.13765,0.24892,29.396
10.402,0.13765,26.259
3.1867,10.402,21.477
2.3002,3.1867,22.986
13.968,2.3002,28.562
2.5223,13.968,32.0
31.123,2.5223,49.337
0.3508,31.123,55.62
4.1528,0.3508,126.5
6.8215,4.1528,137.4
0.44863,6.8215,103.3
1.14,0.44863,99.139
1.7228,1.14,85.069
1.3485,1.7228,71.661
5.0062,1.3485,62.064
0.81135,5.0062,56.642
2.0875,0.81135,53.818
5.3376,2.0875,51.351
2.4573,5.3376,48.19
0.65182,2.4573,48.337
0.0042058,0.65182,50.769
0.000694,0.0042058,45.67
0.959,0.000694,39.496
5.402,0.959,36.067
1.1007,5.402,34.15
0.65063,1.1007,34.535
0.33838,0.65063,36.847
0.0028175,0.33838,36.026
0.000123,0.0028175,34.071
0.0,0.000123,30.993
0.000123,0.0,29.523
0.2323,0.000123,28.387
0.15022,0.2323,27.363
0.0013883,0.15022,26.174
0.0,0.0013883,25.525
0.0024091,0.0,24.267
0.029155,0.0024091,22.934
4.1796,0.029155,21.81
6.6425,4.1796,20.411
2.2053,6.6425,21.167
0.54341,2.2053,23.48
0.049326,0.54341,26.711
0.019641,0.049326,24.228
0.41429,0.019641,21.931
0.065129,0.41429,19.65
1.3428,0.065129,18.543
4.8913,1.3428,18.063
3.157,4.8913,18.133
2.535,3.157,19.895
0.69718,2.535,20.066
0.88101,0.69718,20.335
29.925,0.88101,20.043
6.7798,29.925,19.179
0.61731,6.7798,72.547
0.41298,0.61731,128.71
0.12523,0.41298,83.606
0.066394,0.12523,64.648
0.0,0.066394,54.1
0.0,0.0,46.692
0.67971,0.0,42.353
0.05096,0.67971,39.516
0.18648,0.05096,36.669
0.59739,0.18648,34.512
0.5608,0.59739,32.202
6.3623,0.5608,30.683
0.070519,6.3623,28.855
0.0,0.070519,30.012
0.0,0.0,31.362
0.65962,0.0,29.164
0.47562,0.65962,27.248
5.0662,0.47562,26.139
0.74451,5.0662,26.072
6.6233,0.74451,28.144
4.1053,6.6233,31.471
10.291,4.1053,45.804
3.4623,10.291,50.817
0.36541,3.4623,76.137
3.1321,0.36541,64.104
0.33638,3.1321,60.165
12.014,0.33638,60.036
2.1703,12.014,54.8
0.7844,2.1703,64.929
3.9109,0.7844,83.67
5.0724,3.9109,71.537
4.284,5.0724,67.604
9.2606,4.284,80.197
2.1252,9.2606,77.011
10.808,2.1252,94.421
2.3371,10.808,99.414
0.75455,2.3371,112.27
0.065374,0.75455,120.19
0.000612,0.065374,97.029
0.054553,0.000612,82.054
7.9683,0.054553,69.622
0.28285,7.9683,62.016
0.1766,0.28285,68.055
0.0051858,0.1766,75.608
7.9239,0.0051858,67.681
13.284,7.9239,60.029
3.7005,13.284,64.851
8.8716,3.7005,90.429
14.134,8.8716,132.75
5.7265,14.134,136.43
0.87517,5.7265,204.29
0.35321,0.87517,167.58
0.11245,0.35321,140.53
14.039,0.11245,113.57
1.8029,14.039,93.883
0.74275,1.8029,104.53
0.16762,0.74275,148.19
0.96607,0.16762,120.83
3.6054,0.96607,97.451
0.87101,3.6054,86.476
2.585,0.87101,79.362
0.1361,2.585,75.946
2.5253,0.1361,73.619
0.27448,2.5253,66.517
0.10625,0.27448,62.522
1.8811,0.10625,58.305
22.198,1.8811,53.763
3.93,22.198,54.427
0.17219,3.93,126.11
0.0024091,0.17219,141.14
0.027154,0.0024091,104.21
0.02548,0.027154,82.74
0.000939,0.02548,72.345
0.0,0.000939,66.729
0.0,0.0,61.698
0.037362,0.0,56.138
0.30151,0.037362,52.642
0.0,0.30151,49.306
0.000531,0.0,47.372
0.047448,0.000531,45.232
0.066149,0.047448,42.448
0.048265,0.066149,40.592
0.83732,0.048265,38.211
2.8672,0.83732,35.885
5.156,2.8672,34.59
2.6777,5.156,37.069
1.7603,2.6777,38.706
0.77644,1.7603,42.688
0.408,0.77644,43.687
3.9557,0.408,41.364
0.1684,3.9557,37.804
1.898,0.1684,39.512
5.3713,1.898,40.25
3.5391,5.3713,39.414
2.3357,3.5391,41.496
6.3672,2.3357,46.922
0.3844,6.3672,47.805
7.617,0.3844,50.99
0.64369,7.617,54.645
4.7547,0.64369,58.763
2.0382,4.7547,61.222
3.9354,2.0382,57.439
3.1354,3.9354,63.545
3.599,3.1354,65.154
1.6421,3.599,68.846
0.0087383,1.6421,71.304
3.7688,0.0087383,66.31
2.2542,3.7688,58.748
0.84304,2.2542,56.815
2.0954,0.84304,55.049
1.0567,2.0954,53.69
0.14549,1.0567,52.134
12.093,0.14549,49.718
2.2223,12.093,46.432
1.729,2.2223,57.555
2.0347,1.729,80.565
2.147,2.0347,68.995
9.4195,2.147,62.193
0.033973,9.4195,57.841
0.04316,0.033973,76.875
0.34884,0.04316,74.433
2.8004,0.34884,63.537
3.5171,2.8004,58.348
0.35557,3.5171,54.348
0.31748,0.35557,54.918
0.057044,0.31748,55.294
0.0,0.057044,50.507
0.016211,0.0,47.727
0.63352,0.016211,43.98
0.077909,0.63352,41.815
0.0060841,0.077909,39.488
0.0093916,0.0060841,37.075
0.23503,0.0093916,35.028
0.90478,0.23503,33.088
0.0053491,0.90478,32.112
0.0,0.0053491,31.192
1.0137,0.0,30.586
0.60433,1.0137,29.368
2.5735,0.60433,28.476
0.78991,2.5735,28.171
2.4547,0.78991,27.914
1.0358,2.4547,26.587
0.0028583,1.0358,25.279
0.0013475,0.0028583,24.688
0.003185,0.0013475,23.522
0.24034,0.003185,21.86
0.77403,0.24034,20.787
9.196,0.77403,20.63
4.7105,9.196,20.707
0.022091,4.7105,25.586
0.000531,0.022091,29.315
0.0,0.000531,27.823
0.0080033,0.0,24.006
0.21213,0.0080033,21.489
0.10367,0.21213,20.718
0.0093099,0.10367,20.696
3.0189,0.0093099,20.462
1.5213,3.0189,19.976
1.1416,1.5213,19.842
0.69228,1.1416,19.927
0.036709,0.69228,18.184
4.0885,0.036709,17.285
8.7784,4.0885,16.662
0.60188,8.7784,17.349
0.075664,0.60188,19.585
2.526,0.075664,21.257
4.3339,2.526,18.747
2.0758,4.3339,18.163
2.2026,2.0758,23.078
1.2331,2.2026,22.584
9.0817,1.2331,21.91
7.0287,9.0817,21.877
7.0627,7.0287,24.454
2.5403,7.0627,29.356
4.7002,2.5403,40.2
3.8728,4.7002,47.539
0.098612,3.8728,45.972
0.0,0.098612,51.279
0.0081666,0.0,44.817
0.0,0.0081666,38.799
0.0,0.0,34.336
0.0,0.0,30.406
0.000572,0.0,28.233
4.08e-05,0.000572,26.157
0.010984,4.08e-05,24.448
0.011556,0.010984,22.8
4.08e-05,0.011556,21.214
0.083054,4.08e-05,19.713
0.26015,0.083054,18.218
0.047652,0.26015,17.398
0.028052,0.047652,16.73
5.6998,0.028052,16.4
14.746,5.6998,15.925
3.0432,14.746,16.358
0.64014,3.0432,21.541
2.5964,0.64014,22.742
1.8701,2.5964,19.279
0.53561,1.8701,17.014
4.218,0.53561,16.611
0.48436,4.218,16.702
2.6664,0.48436,15.962
2.8172,2.6664,15.427
1.6993,2.8172,15.455
3.3045,1.6993,15.376
3.5249,3.3045,15.522
1.7845,3.5249,15.764
0.029971,1.7845,16.265
1.6454,0.029971,15.77
4.3388,1.6454,14.226
4.6659,4.3388,13.731
5.6171,4.6659,14.082
0.45806,5.6171,14.284
3.4032,0.45806,15.513
0.50302,3.4032,16.045
7.4389,0.50302,15.161
0.066476,7.4389,14.6
1.1079,0.066476,14.423
1.903,1.1079,14.828
0.39592,1.903,14.568
1.47,0.39592,13.667
2.6198,1.47,13.028
0.13797,2.6198,12.658
0.12087,0.13797,12.428
0.0,0.12087,12.534
0.000327,0.0,11.774
0.002695,0.000327,10.974
0.4539,0.002695,10.517
4.4352,0.4539,10.183
6.9166,4.4352,9.625
4.4675,6.9166,9.525
0.12711,4.4675,10.055
0.0020825,0.12711,10.384
0.0,0.0020825,9.926
0.000531,0.0,9.391
0.000531,0.000531,8.943
0.0,0.000531,8.322
0.07599,0.0,8.015
1.4067,0.07599,7.562
1.7698,1.4067,6.957
12.834,1.7698,6.831
2.4107,12.834,6.874
0.67832,2.4107,9.417
7.0922,0.67832,11.835
3.8512,7.0922,11.288
0.16239,3.8512,8.025
0.091588,0.16239,7.938
0.0040016,0.091588,7.775
0.0040425,0.0040016,7.142
0.0,0.0040425,7.146
0.0,0.0,6.937
0.0,0.0,6.477
0.0,0.0,6.12
0.0,0.0,6.18
0.0,0.0,5.865
0.0,0.0,5.548
0.012944,0.0,5.275
0.027889,0.012944,5.459
0.23479,0.027889,5.355
4.4529,0.23479,5.198
3.432,4.4529,5.202
2.164,3.432,5.122
7.9214,2.164,5.199
1.3453,7.9214,5.526
8.5047,1.3453,5.592
5.8497,8.5047,5.692
0.13226,5.8497,5.776
0.14255,0.13226,6.236
0.74741,0.14255,6.255
0.14353,0.74741,5.706
3.2354,0.14353,5.19
2.9942,3.2354,5.005
1.0181,2.9942,5.244
0.004165,1.0181,5.523
1.1612,0.004165,5.09
0.098326,1.1612,5.04
1.9506,0.098326,5.008
1.0794,1.9506,4.754
4.7052,1.0794,4.675
3.3965,4.7052,4.677
4.9037,3.3965,4.51
2.8932,4.9037,4.704
0.63148,2.8932,5.054
3.4504,0.63148,5.082
1.1688,3.4504,4.891
0.000857,1.1688,5.734
0.000653,0.000857,5.934
0.061535,0.000653,5.01
12.311,0.061535,4.677
2.9376,12.311,4.508
4.8057,2.9376,5.664
0.0084116,4.8057,5.941
0.0051041,0.0084116,6.948
6.4399,0.0051041,6.603
3.6977,6.4399,6.39
2.1058,3.6977,6.128
0.032258,2.1058,6.24
0.071417,0.032258,6.38
2.1372,0.071417,6.353
3.2651,2.1372,6.089
0.42454,3.2651,5.563
0.61441,0.42454,5.228
0.42593,0.61441,5.169
11.779,0.42593,4.466
1.3883,11.779,4.458
0.1953,1.3883,5.717
0.027399,0.1953,5.906
3.7856,0.027399,6.082
3.755,3.7856,6.399
0.23173,3.755,6.227
1.0544,0.23173,6.158
9.158,1.0544,6.726
0.65014,9.158,6.738
0.38791,0.65014,7.356
3.3597,0.38791,9.939
7.9151,3.3597,9.916
0.68383,7.9151,9.966
14.208,0.68383,9.959
0.35096,14.208,12.258
1.7296,0.35096,15.279
2.8422,1.7296,20.231
11.04,2.8422,21.394
2.0121,11.04,20.315
6.6781,2.0121,23.193
0.22352,6.6781,26.525
8.4421,0.22352,28.147
1.4793,8.4421,28.811
5.1864,1.4793,29.321
2.7124,5.1864,30.407
0.30261,2.7124,30.154
0.15402,0.30261,29.62
0.70265,0.15402,28.414
14.931,0.70265,25.599
5.6624,14.931,22.958
1.8825,5.6624,28.158
3.5904,1.8825,54.509
0.98395,3.5904,51.408
4.7216,0.98395,45.293
0.10208,4.7216,41.471
9.7303,0.10208,38.17
0.57485,9.7303,36.16
9.6732,0.57485,36.224
0.58906,9.6732,42.211
5.847,0.58906,50.136
0.065659,5.847,53.579
0.097305,0.065659,48.548
4.5203,0.097305,46.585
1.3757,4.5203,42.528
13.394,1.3757,39.537
0.41752,13.394,40.917
14.302,0.41752,51.853
1.4661,14.302,62.448
6.3015,1.4661,72.475
3.6666,6.3015,87.865
6.8717,3.6666,85.183
3.1418,6.8717,81.261
3.3154,3.1418,83.626
16.359,3.3154,81.57
1.773,16.359,81.164
0.46198,1.773,130.97
43.796,0.46198,117.3
7.6196,43.796,107.84
2.2581,7.6196,358.59
0.068885,2.2581,379.09
0.091833,0.068885,247.19
3.6347,0.091833,159.63
1.8806,3.6347,119.25
1.3396,1.8806,105.72
0.25459,1.3396,97.398
0.040915,0.25459,86.912
4.5795,0.040915,75.862
2.1284,4.5795,68.695
1.154,2.1284,67.405
4.0963,1.154,65.398
3.2143,4.0963,62.323
0.1205,3.2143,63.937
5.0309,0.1205,66.45
0.084851,5.0309,65.067
0.1096,0.084851,65.366
5.3499,0.1096,64.595
13.282,5.3499,57.622
1.5715,13.282,63.469
7.2426,1.5715,102.83
5.0869,7.2426,101.9
0.80539,5.0869,98.345
2.5898,0.80539,111.92
1.1968,2.5898,97.024
0.29147,1.1968,85.858
13.752,0.29147,78.199
3.2495,13.752,68.92
1.3911,3.2495,83.297
0.40666,1.3911,108.0
25.051,0.40666,95.91
5.6722,25.051,84.329
4.2987,5.6722,161.01
5.3479,4.2987,222.23
3.2517,5.3479,161.69
10.278,3.2517,144.97
3.6869,10.278,137.08
0.15235,3.6869,180.05
3.1244,0.15235,155.68
0.13822,3.1244,123.84
2.9776,0.13822,106.29
0.63834,2.9776,95.874
19.935,0.63834,89.057
1.8284,19.935,88.709
0.068599,1.8284,134.74
0.010249,0.068599,169.34
0.83291,0.010249,122.61
2.7132,0.83291,100.56
0.30857,2.7132,88.415
0.0065741,0.30857,81.226
3.3327,0.0065741,75.205
2.029,3.3327,68.996
0.25169,2.029,63.26
4.7889,0.25169,58.322
6.6959,4.7889,54.219
4.2154,6.6959,62.32
1.1597,4.2154,103.75
3.1318,1.1597,99.424
0.23058,3.1318,92.068
0.095958,0.23058,83.48
0.58783,0.095958,77.36
1.0592,0.58783,71.842
0.066354,1.0592,66.185
0.2773,0.066354,60.584
0.29567,0.2773,55.373
0.021927,0.29567,51.121
0.0032666,0.021927,48.711
0.0,0.0032666,46.061
0.0,0.0,43.141
0.0013475,0.0,40.496
0.0021233,0.0013475,39.332
0.0,0.0021233,37.191
0.024214,0.0,34.872
0.0,0.024214,33.915
6.1466,0.0,33.025
4.7395,6.1466,32.504
5.1021,4.7395,34.159
6.526,5.1021,41.709
0.47668,6.526,64.213
1.9842,0.47668,72.475
0.069579,1.9842,62.793
0.020376,0.069579,56.16
0.04312,0.020376,51.585
4.9831,0.04312,47.096
0.63732,4.9831,42.87
0.43732,0.63732,44.574
1.4274,0.43732,45.854
4.1813,1.4274,43.434
6.2204,4.1813,42.871
3.9925,6.2204,45.262
10.317,3.9925,51.242
2.9871,10.317,71.921
0.18101,2.9871,95.657
0.0092691,0.18101,90.225
4.5508,0.0092691,75.517
3.7393,4.5508,63.315
0.16149,3.7393,60.703
0.001715,0.16149,70.455
0.0064108,0.001715,63.474
0.24251,0.0064108,55.754
0.011719,0.24251,50.997
0.0017558,0.011719,47.145
0.000735,0.0017558,43.986
0.40563,0.000735,40.654
0.20004,0.40563,38.057
0.26737,0.20004,36.68
0.69396,0.26737,34.849
0.57877,0.69396,33.311
0.1855,0.57877,32.958
0.14941,0.1855,32.199
5.0546,0.14941,30.576
2.892,5.0546,28.692
0.9205,2.892,28.876
0.14671,0.9205,31.017
0.077174,0.14671,28.638
0.00049,0.077174,26.557
0.0050633,0.00049,24.922
0.0026133,0.0050633,23.844
0.0059616,0.0026133,23.448
6.6924,0.0059616,22.77
1.5089,6.6924,21.661
1.6215,1.5089,24.369
3.5119,1.6215,25.182
2.0031,3.5119,24.725
10.806,2.0031,25.067
1.0886,10.806,30.462
0.54263,1.0886,50.909
0.061576,0.54263,44.095
2.1122,0.061576,39.0
1.0476,2.1122,36.355
0.41221,1.0476,33.808
0.084361,0.41221,31.412
0.014047,0.084361,29.223
3.0238,0.014047,27.365
1.811,3.0238,25.146
2.9188,1.811,24.892
0.72017,2.9188,26.522
0.20719,0.72017,26.264
0.037321,0.20719,25.925
10.388,0.037321,24.748
6.2426,10.388,23.424
3.2705,6.2426,28.842
0.63295,3.2705,51.881
3.2781,0.63295,51.556
0.28861,3.2781,45.596
0.48624,0.28861,41.495
0.037281,0.48624,39.586
0.96309,0.037281,36.21
7.5265,0.96309,33.652
9.1249,7.5265,31.477
6.9197,9.1249,32.824
0.49049,6.9197,49.179
8.3153,0.49049,67.145
2.8384,8.3153,59.511
0.35508,2.8384,69.673
1.5729,0.35508,64.533
2.9254,1.5729,54.729
0.19396,2.9254,48.65
3.5374,0.19396,47.061
0.29212,3.5374,46.263
0.058514,0.29212,44.889
1.8552,0.058514,41.895
0.054798,1.8552,38.223
0.0079624,0.054798,35.904
0.18346,0.0079624,33.085
9.007,0.18346,30.438
1.1872,9.007,28.511
2.4161,1.1872,30.464
2.4307,2.4161,31.633
1.4987,2.4307,29.336
0.099388,1.4987,28.327
2.7515,0.099388,27.873
1.7731,2.7515,25.958
1.8756,1.7731,25.741
0.0079216,1.8756,25.358
0.000817,0.0079216,24.195
1.0104,0.000817,23.0
0.0012658,1.0104,21.823
0.26521,0.0012658,21.545
0.0,0.26521,20.555
0.0,0.0,19.861
0.0,0.0,19.645
0.0,0.0,19.937
0.47138,0.0,19.04
0.24826,0.47138,18.189
0.16505,0.24826,18.512
0.0,0.16505,17.823
2.7405,0.0,16.923
5.8349,2.7405,16.166
6.8703,5.8349,16.044
11.439,6.8703,16.762
0.82372,11.439,17.8
0.11176,0.82372,23.6
0.16411,0.11176,22.789
0.0,0.16411,19.73
0.0,0.0,18.277
0.0,0.0,17.251
0.0,0.0,15.677
0.0042875,0.0,14.918
1.4372,0.0042875,14.035
3.879,1.4372,13.734
4.5584,3.879,13.368
0.24157,4.5584,13.424
0.26725,0.24157,13.725
0.92234,0.26725,13.468
0.41984,0.92234,12.68
0.53144,0.41984,11.747
0.026582,0.53144,11.547
0.0,0.026582,11.093
0.0,0.0,10.619
3.697,0.0,10.278
11.813,3.697,9.732
1.3907,11.813,10.124
1.4169,1.3907,11.46
1.037,1.4169,11.713
0.037607,1.037,10.862
0.0039608,0.037607,10.684
0.00294,0.0039608,10.219
0.027154,0.00294,10.043
12.678,0.027154,10.297
9.9742,12.678,10.327
0.052103,9.9742,11.591
0.03773,0.052103,18.288
4.952,0.03773,16.17
3.7434,4.952,12.149
0.000531,3.7434,10.696
0.0,0.000531,10.265
0.0,0.0,9.885
0.7452,0.0,9.222
0.014945,0.7452,8.462
5.2094,0.014945,7.633
2.5766,5.2094,7.636
1.191,2.5766,8.045
4.3806,1.191,8.751
4.7525,4.3806,8.411
0.23258,4.7525,8.275
0.016456,0.23258,8.25
0.0,0.016456,7.952
0.90049,0.0,7.497
0.13667,0.90049,7.437
0.0057983,0.13667,7.217
0.0047775,0.0057983,7.745
0.070029,0.0047775,7.634
0.033442,0.070029,7.096
2.9433,0.033442,6.461
14.346,2.9433,6.183
1.6643,14.346,6.357
2.0098,1.6643,7.016
3.1188,2.0098,7.436
0.82295,3.1188,7.42
0.23173,0.82295,7.51
0.46615,0.23173,7.423
4.1147,0.46615,7.163
0.00245,4.1147,6.703
0.072274,0.00245,6.839
3.8836,0.072274,6.978
1.452,3.8836,6.627
0.016823,1.452,6.703
0.56084,0.016823,6.869
0.42564,0.56084,6.713
0.051041,0.42564,6.104
0.0072683,0.051041,6.19
0.001715,0.0072683,5.771
0.0017967,0.001715,5.905
0.063944,0.0017967,5.84
2.9392,0.063944,5.282
0.0045733,2.9392,4.906
2.0513,0.0045733,4.736
13.212,2.0513,4.564
0.89126,13.212,5.712
3.8128,0.89126,7.11
11.07,3.8128,8.341
6.859,11.07,7.646
1.1426,6.859,7.756
9.7392,1.1426,10.013
1.4941,9.7392,9.679
1.2191,1.4941,9.847
2.5031,1.2191,9.602
3.7891,2.5031,9.274
0.43989,3.7891,8.477
21.469,0.43989,8.094
0.16648,21.469,8.069
3.1585,0.16648,13.012
4.1811,3.1585,22.597
4.5851,4.1811,21.377
1.2412,4.5851,20.68
1.0401,1.2412,21.788
1.2922,1.0401,20.154
0.0,1.2922,17.118
0.010576,0.0,14.813
0.89808,0.010576,13.581
0.24394,0.89808,12.634
8.17e-05,0.24394,11.754
0.0,8.17e-05,11.025
0.0049,0.0,9.595
2.5078,0.0049,9.139
0.76198,2.5078,8.76
1.2875,0.76198,8.482
0.95076,1.2875,8.06
0.83985,0.95076,7.794
1.503,0.83985,7.739
0.19322,1.503,7.718
1.8557,0.19322,7.514
0.13895,1.8557,7.159
1.0397,0.13895,6.838
0.026746,1.0397,6.439
0.0,0.026746,6.333
0.0099224,0.0,5.887
0.54806,0.0099224,5.355
3.7645,0.54806,5.304
0.25365,3.7645,5.164
0.90433,0.25365,5.388
0.13675,0.90433,5.446
0.0017558,0.13675,5.267
0.0,0.0017558,4.928
0.0,0.0,4.885
0.0,0.0,4.58
0.0,0.0,4.795
0.012454,0.0,4.351
0.0013883,0.012454,4.589
0.036913,0.0013883,4.507
3.3977,0.036913,4.137
1.5735,3.3977,4.083
8.5214,1.5735,4.368
2.1702,8.5214,4.384
3.3944,2.1702,4.584
2.9591,3.3944,4.691
7.6038,2.9591,4.635
1.9445,7.6038,5.315
1.2355,1.9445,5.792
2.3781,1.2355,6.331
5.1354,2.3781,6.205
7.185,5.1354,6.146
5.3535,7.185,6.595
20.79,5.3535,7.819
1.0105,20.79,11.721
0.86595,1.0105,28.514
0.38775,0.86595,35.338
0.84324,0.38775,26.187
0.30184,0.84324,21.522
1.829,0.30184,19.193
8.2405,1.829,17.039
2.6641,8.2405,15.711
4.6147,2.6641,17.841
7.006,4.6147,19.69
2.9523,7.006,22.441
11.997,2.9523,26.482
0.6766,11.997,32.517
0.14941,0.6766,41.462
2.6926,0.14941,47.014
4.8874,2.6926,38.867
0.4334,4.8874,33.897
4.6525,0.4334,32.479
1.5696,4.6525,33.277
0.080972,1.5696,35.718
0.0095549,0.080972,34.758
0.0015517,0.0095549,30.878
5.0509,0.0015517,27.487
0.011842,5.0509,25.676
0.0046141,0.011842,25.193
0.32274,0.0046141,24.509
0.013148,0.32274,23.205
0.30216,0.013148,21.906
1.2757,0.30216,21.057
5.437,1.2757,20.292
7.2275,5.437,19.796
1.055,7.2275,20.443
1.7673,1.055,24.589
0.15982,1.7673,26.548
0.0057166,0.15982,27.012
0.20049,0.0057166,26.26
0.074806,0.20049,25.093
0.13949,0.074806,23.747
0.011147,0.13949,23.211
0.60041,0.011147,22.523
1.1107,0.60041,21.687
4.3129,1.1107,20.972
0.65855,4.3129,20.56
0.30759,0.65855,21.68
2.588,0.30759,22.662
0.094896,2.588,22.454
2.5394,0.094896,21.704
0.71989,2.5394,22.3
7.5034,0.71989,22.24
3.262,7.5034,22.277
1.4628,3.262,24.807
0.019763,1.4628,34.857
0.31303,0.019763,39.397
11.229,0.31303,35.864
4.9676,11.229,32.411
0.21515,4.9676,44.645
4.7864,0.21515,50.711
0.1292,4.7864,51.318
0.010086,0.1292,53.756
0.000939,0.010086,52.138
0.0028991,0.000939,46.567
0.0038791,0.0028991,42.136
0.043814,0.0038791,38.378
0.000776,0.043814,35.71
0.0041241,0.000776,33.925
0.09608,0.0041241,31.57
0.70237,0.09608,29.672
0.15508,0.70237,28.221
0.041405,0.15508,26.621
0.13026,0.041405,25.513
0.31445,0.13026,24.811
0.83687,0.31445,24.292
0.010902,0.83687,23.224
0.5884,0.010902,22.602
1.7716,0.5884,21.683
0.1414,1.7716,20.935
0.50625,0.1414,20.867
1.1907,0.50625,20.56
0.18485,1.1907,20.193
0.3047,0.18485,20.07
0.004655,0.3047,19.913
0.010943,0.004655,18.993
0.0035116,0.010943,16.647
1.9737,0.0035116,16.384
0.095713,1.9737,16.491
3.8735,0.095713,16.679
0.27117,3.8735,18.002
0.075296,0.27117,18.312
0.0045325,0.075296,19.302
1.2028,0.0045325,19.547
0.24014,1.2028,19.541
0.70188,0.24014,18.708
0.30004,0.70188,18.393
1.1563,0.30004,18.23
0.47983,1.1563,17.823
2.2192,0.47983,17.755
0.30122,2.2192,17.659
5.7389,0.30122,17.85
0.57244,5.7389,17.41
7.6111,0.57244,18.047
1.9323,7.6111,21.673
0.27505,1.9323,29.862
2.5966,0.27505,34.099
10.004,2.5966,34.354
11.477,10.004,33.72
7.5754,11.477,42.695
8.5601,7.5754,98.533
1.0507,8.5601,89.882
6.5492,1.0507,113.8
4.9335,6.5492,103.27
7.1858,4.9335,95.789
3.0199,7.1858,95.98
8.6064,3.0199,96.252
12.226,8.6064,98.944
12.01,12.226,116.34
6.4415,12.01,153.84
9.0853,6.4415,144.97
3.4589,9.0853,173.32
5.1078,3.4589,197.33
1.3724,5.1078,168.67
7.2893,1.3724,132.59
5.1974,7.2893,125.41
15.591,5.1974,128.98
4.7999,15.591,132.09
0.14247,4.7999,198.8
0.014128,0.14247,206.55
0.0025316,0.014128,145.47
0.000408,0.0025316,115.07
0.025153,0.000408,99.049
0.11727,0.025153,87.289
1.1786,0.11727,77.465
16.086,1.1786,69.916
1.8703,16.086,66.149
4.5909,1.8703,93.276
3.9317,4.5909,100.01
5.4857,3.9317,90.115
14.92,5.4857,87.354
15.756,14.92,88.059
4.1157,15.756,155.49
5.107,4.1157,247.75
1.984,5.107,212.57
0.0062883,1.984,166.48
0.20661,0.0062883,133.97
0.25937,0.20661,109.57
0.63577,0.25937,94.211
1.5178,0.63577,84.43
0.45753,1.5178,76.847
0.010453,0.45753,68.988
13.163,0.010453,62.933
8.1524,13.163,57.319
1.476,8.1524,64.576
0.14655,1.476,93.023
0.0,0.14655,91.682
0.015925,0.0,75.631
2.2837,0.015925,65.916
4.0711,2.2837,58.899
1.228,4.0711,55.113
2.8001,1.228,54.757
1.1833,2.8001,54.05
2.5866,1.1833,52.551
1.2147,2.5866,51.236
0.37583,1.2147,49.082
0.028869,0.37583,47.695
0.0015108,0.028869,45.757
0.65692,0.0015108,42.95
0.075051,0.65692,41.192
0.0,0.075051,39.432
0.0,0.0,36.755
0.0,0.0,34.328
0.0,0.0,32.601
4.2874,0.0,30.897
1.9097,4.2874,29.92
1.2205,1.9097,30.145
3.9053,1.2205,30.266
0.034463,3.9053,28.924
0.091548,0.034463,28.379
0.018947,0.091548,27.991
0.0,0.018947,26.378
0.0,0.0,25.168
0.0,0.0,23.986
0.0,0.0,23.076
0.002205,0.0,22.387
0.35333,0.002205,21.085
0.059412,0.35333,20.505
0.72172,0.059412,20.4
0.0059208,0.72172,19.775
0.033075,0.0059208,19.107
12.898,0.033075,18.964
19.212,12.898,18.511
0.92262,19.212,22.421
2.1043,0.92262,51.522
9.7245,2.1043,45.159
1.558,9.7245,34.737
0.10363,1.558,40.882
0.0070641,0.10363,48.615
0.21384,0.0070641,40.599
4.9949,0.21384,34.98
1.8245,4.9949,31.886
6.4004,1.8245,30.221
7.1151,6.4004,28.538
5.6606,7.1151,29.063
2.8568,5.6606,34.601
6.2112,2.8568,36.518
1.7078,6.2112,37.563
0.11323,1.7078,44.795
0.0,0.11323,40.571
0.00147,0.0,36.121
0.0,0.00147,32.45
0.65545,0.0,30.111
0.2726,0.65545,28.229
0.038097,0.2726,27.021
0.011229,0.038097,26.015
0.0,0.011229,23.914
4.9203,0.0,22.285
5.1229,4.9203,21.979
0.63393,5.1229,21.919
0.11458,0.63393,22.615
2.1522,0.11458,21.506
35.369,2.1522,20.545
2.3837,35.369,24.047
5.8126,2.3837,78.072
1.3448,5.8126,69.574
4.0005,1.3448,55.559
6.3582,4.0005,52.622
8.228,6.3582,50.165
5.5604,8.228,51.108
1.8954,5.5604,56.981
0.9862,1.8954,65.946
8.1729,0.9862,59.405
7.0895,8.1729,52.595
4.771,7.0895,50.394
1.8463,4.771,70.669
0.11621,1.8463,66.513
2.5007,0.11621,59.874
3.3478,2.5007,53.78
1.4296,3.3478,49.216
3.2514,1.4296,45.435
0.044345,3.2514,42.507
3.1618,0.044345,41.355
2.0558,3.1618,39.384
8.277,2.0558,37.412
4.0621,8.277,35.689
3.2534,4.0621,38.451
2.5025,3.2534,44.086
1.1735,2.5025,42.055
9.0066,1.1735,38.553
10.149,9.0066,35.129
1.2015,10.149,36.566
10.596,1.2015,55.001
0.12425,10.596,58.674
0.4541,0.12425,72.686
0.6116,0.4541,64.071
4.3875,0.6116,52.536
12.787,4.3875,45.073
3.1659,12.787,53.065
2.6853,3.1659,72.845
0.35112,2.6853,58.557
0.016088,0.35112,50.351
0.99265,0.016088,45.01
0.0046141,0.99265,40.713
0.3198,0.0046141,37.632
2.9595,0.3198,34.723
4.6109,2.9595,32.215
3.1418,4.6109,31.664
1.1291,3.1418,30.996
0.67652,1.1291,30.887
8.6269,0.67652,29.836
0.79706,8.6269,28.32
0.076235,0.79706,28.4
5.3411,0.076235,29.015
2.1392,5.3411,28.391
2.946,2.1392,27.57
3.0139,2.946,27.114
4.3493,3.0139,26.852
3.2184,4.3493,27.685
0.062474,3.2184,29.976
0.0032258,0.062474,28.852
0.072928,0.0032258,26.382
0.001715,0.072928,24.262
0.0,0.001715,23.213
2.0335,0.0,22.474
8.2607,2.0335,21.172
0.011556,8.2607,21.042
0.1481,0.011556,24.462
2.6229,0.1481,23.089
0.17158,2.6229,21.206
0.031237,0.17158,20.071
0.0070233,0.031237,19.578
0.077869,0.0070233,18.966
0.19032,0.077869,18.406
9.73,0.19032,17.707
7.4826,9.73,17.166
0.22993,7.4826,17.774
4.3401,0.22993,20.44
2.8869,4.3401,22.983
3.368,2.8869,21.966
2.5953,3.368,21.688
0.01225,2.5953,22.049
0.026664,0.01225,22.798
5.4606,0.026664,22.209
0.79755,5.4606,20.834
5.0931,0.79755,19.967
0.0025316,5.0931,20.436
2.2449,0.0025316,20.865
0.42123,2.2449,20.502
3.2561,0.42123,19.793
4.5683,3.2561,19.312
1.2083,4.5683,19.04
0.0,1.2083,18.41
0.07648,0.0,18.046
0.1343,0.07648,17.118
0.041405,0.1343,16.38
0.15084,0.041405,15.701
0.0096366,0.15084,15.105
0.034341,0.0096366,14.001
3.5037,0.034341,13.856
0.67991,3.5037,13.763
0.0,0.67991,13.816
0.011637,0.0,14.163
0.0,0.011637,13.731
0.32013,0.0,13.176
1.9086,0.32013,13.187
4.9443,1.9086,12.974
1.5347,4.9443,12.828
0.010535,1.5347,12.733
0.0,0.010535,12.647
0.0,0.0,12.934
0.07256,0.0,13.471
0.106,0.07256,13.349
1.3144,0.106,13.01
1.679,1.3144,12.57
3.1305,1.679,11.861
6.2886,3.1305,11.399
0.51135,6.2886,11.333
0.67897,0.51135,10.902
0.033156,0.67897,10.409
0.0011842,0.033156,9.993
0.000653,0.0011842,9.331
0.0069008,0.000653,8.871
0.0,0.0069008,8.543
0.0,0.0,8.251
0.0,0.0,7.89
0.0,0.0,7.581
0.0,0.0,7.393
0.0,0.0,7.364
0.011637,0.0,7.364
0.0,0.011637,7.364
0.0,0.0,7.364
0.0,0.0,7.364
0.0043283,0.0,7.364
0.000612,0.0043283,7.364
0.0,0.000612,7.364
0.0052266,0.0,7.364
3.144,0.0052266,7.364
7.3916,3.144,7.364
0.4684,7.3916,7.364
5.8089,0.4684,7.364
0.28526,5.8089,7.766
0.000694,0.28526,8.03
0.0076358,0.000694,7.631
0.0011025,0.0076358,7.485
1.6454,0.0011025,7.48
21.569,1.6454,7.318
0.72903,21.569,7.503
5.9159,0.72903,11.657
15.801,5.9159,16.101
0.16047,15.801,17.377
1.7902,0.16047,32.209
4.9683,1.7902,31.347
2.2235,4.9683,25.441
0.035851,2.2235,22.873
0.22536,0.035851,24.586
0.000694,0.22536,22.951
0.50449,0.000694,20.487
35.347,0.50449,18.794
14.834,35.347,18.863
0.5835,14.834,82.75
1.3972,0.5835,131.16
8.5183,1.3972,107.78
4.7401,8.5183,84.838
9.8952,4.7401,81.149
2.47,9.8952,82.321
16.082,2.47,86.867
4.6602,16.082,95.36
0.044712,4.6602,105.32
0.24724,0.044712,162.38
7.3764,0.24724,122.03
13.186,7.3764,98.249
2.5909,13.186,100.65
0.82038,2.5909,149.66
4.8229,0.82038,124.01
1.7745,4.8229,102.32
7.8449,1.7745,93.557
7.8926,7.8449,88.226
11.409,7.8926,87.628
1.8626,11.409,120.55
2.6925,1.8626,150.86
0.45778,2.6925,150.38
23.47,0.45778,120.3
17.189,23.47,102.53
1.0579,17.189,201.66
0.049939,1.0579,370.06
1.874,0.049939,260.64
6.36,1.874,184.76
2.7841,6.36,155.83
4.2111,2.7841,132.78
4.6885,4.2111,115.74
0.99853,4.6885,109.7
1.241,0.99853,114.92
1.649,1.241,98.682
1.8929,1.649,86.068
7.7408,1.8929,78.019
5.2243,7.7408,75.814
0.2942,5.2243,80.025
6.5618,0.2942,109.15
3.5361,6.5618,93.205
9.8683,3.5361,82.431
1.4604,9.8683,98.007
4.3367,1.4604,112.31
0.14684,4.3367,114.81
0.0,0.14684,104.78
0.61842,0.0,96.156
1.8123,0.61842,83.478
0.16411,1.8123,76.182
0.0,0.16411,72.588
0.049735,0.0,67.523
0.038097,0.049735,61.255
1.3836,0.038097,56.054
1.1962,1.3836,52.337
1.544,1.1962,50.236
0.21241,1.544,47.948
0.16166,0.21241,46.274
0.000531,0.16166,44.685
0.000286,0.000531,41.793
0.43201,0.000286,39.479
1.1713,0.43201,37.239
13.524,1.1713,35.934
3.409,13.524,37.009
2.5514,3.409,61.239
1.205,2.5514,62.989
2.7339,1.205,60.031
7.4828,2.7339,56.836
0.26386,7.4828,54.798
14.075,0.26386,60.891
16.233,14.075,69.206
3.0522,16.233,105.78
10.569,3.0522,248.42
1.0472,10.569,160.92
3.7173,1.0472,163.39
0.24892,3.7173,152.97
0.0,0.24892,121.56
0.085953,0.0,100.56
0.020049,0.085953,85.845
0.04218,0.020049,75.152
1.5278,0.04218,66.776
0.19824,1.5278,60.766
0.0,0.19824,56.428
0.014822,0.0,53.871
1.803,0.014822,51.44
1.4715,1.803,47.584
2.0921,1.4715,47.704
0.28195,2.0921,50.36
9.3281,0.28195,49.019
0.24688,9.3281,46.475
5.4374,0.24688,53.767
8.2291,5.4374,62.715
0.52315,8.2291,65.795
0.31078,0.52315,76.503
0.0072274,0.31078,85.669
0.082278,0.0072274,69.814
5.249,0.082278,59.13
0.35655,5.249,53.532
0.23054,0.35655,53.554
2.5083,0.23054,53.043
7.402,2.5083,49.892
2.8115,7.402,49.201
0.1414,2.8115,60.1
2.4363,0.1414,60.099
0.73528,2.4363,55.891
3.7239,0.73528,54.417
2.5791,3.7239,53.018
0.56733,2.5791,53.022
1.7607,0.56733,54.133
0.84851,1.7607,50.796
0.12532,0.84851,50.155
2.1312,0.12532,50.874
1.6082,2.1312,48.317
4.7713,1.6082,46.492
0.04165,4.7713,45.426
0.0013883,0.04165,51.344
0.012087,0.0013883,48.567
0.0025725,0.012087,44.984
0.0025725,0.0025725,42.609
0.10715,0.0025725,39.41
0.000531,0.10715,37.385
0.031196,0.000531,35.638
0.0,0.031196,33.987
1.753,0.0,32.414
0.040016,1.753,31.393
0.20131,0.040016,30.57
0.16799,0.20131,28.982
0.024296,0.16799,27.954
0.6666,0.024296,26.986
3.0237,0.6666,25.799
2.2901,3.0237,24.995
18.492,2.2901,24.875
3.0104,18.492,27.789
1.4759,3.0104,68.42
2.5411,1.4759,63.631
0.74614,2.5411,55.212
0.53826,0.74614,50.845
1.7663,0.53826,48.513
5.4612,1.7663,44.138
6.1739,5.4612,41.357
5.4043,6.1739,42.248
2.6624,5.4043,61.19
1.3733,2.6624,61.674
0.000572,1.3733,62.176
0.000163,0.000572,55.991
0.0,0.000163,49.672
0.0,0.0,45.694
0.000531,0.0,41.461
0.017967,0.000531,38.074
0.0,0.017967,35.517
0.0055125,0.0,33.241
0.0,0.0055125,31.454
0.0,0.0,30.011
0.0,0.0,28.808
0.15345,0.0,27.439
0.0,0.15345,25.935
0.0040425,0.0,24.887
0.0,0.0040425,23.896
0.0,0.0,23.061
1.4289,0.0,22.523
0.0,1.4289,22.163
0.0,0.0,21.684
3.518,0.0,20.996
1.621,3.518,20.133
0.19616,1.621,20.302
0.000408,0.19616,19.628
0.0062474,0.000408,18.492
0.0,0.0062474,17.829
0.0,0.0,17.269
0.0020825,0.0,16.795
0.0,0.0020825,16.253
0.000531,0.0,15.829
0.0,0.000531,15.474
0.0,0.0,15.024
0.042834,0.0,14.503
8.6467,0.042834,14.423
0.073377,8.6467,14.616
0.0,0.073377,15.681
0.0,0.0,15.859
0.000531,0.0,14.965
0.0,0.000531,13.773
0.0,0.0,13.264
0.16239,0.0,12.807
3.4588,0.16239,12.303
4.08e-05,3.4588,12.227
0.035933,4.08e-05,12.687
12.271,0.035933,12.088
2.9523,12.271,11.711
5.2204,2.9523,13.361
7.4096,5.2204,15.594
1.1962,7.4096,15.113
7.7527,1.1962,15.216
8.8437,7.7527,15.338
2.1332,8.8437,19.017
0.90563,2.1332,24.844
8.5116,0.90563,24.64
20.165,8.5116,21.592
1.2925,20.165,26.224
1.6933,1.2925,75.902
0.25594,1.6933,61.821
0.16321,0.25594,44.086
1.8377,0.16321,36.307
0.9472,1.8377,30.879
4.7308,0.9472,27.795
1.9715,4.7308,25.848
1.137,1.9715,25.141
0.092609,1.137,23.546
7.3978,0.092609,21.883
4.9023,7.3978,20.589
7.4442,4.9023,21.185
4.8078,7.4442,24.141
10.317,4.8078,27.988
6.3172,10.317,32.569
9.9971,6.3172,45.073
0.83679,9.9971,56.786
3.6196,0.83679,73.496
0.87256,3.6196,65.196
0.13316,0.87256,56.664
2.6826,0.13316,49.503
2.2455,2.6826,42.833
6.0967,2.2455,38.187
0.21237,6.0967,35.903
0.0024091,0.21237,36.43
2.559,0.0024091,37.929
1.6447,2.559,34.194
0.27771,1.6447,31.099
11.329,0.27771,29.522
3.7947,11.329,28.632
1.4115,3.7947,34.593
1.8715,1.4115,34.514
4.5193,1.8715,32.979
0.37734,4.5193,31.488
12.357,0.37734,36.386
2.3645,12.357,31.731
1.8102,2.3645,38.462
0.14067,1.8102,42.878
0.0,0.14067,36.558
0.0,0.0,32.005
0.0,0.0,28.653
0.15982,0.0,26.172
0.36525,0.15982,24.467
0.25904,0.36525,23.331
0.90286,0.25904,21.42
0.014251,0.90286,20.434
0.29739,0.014251,19.665
0.000612,0.29739,18.96
0.0,0.000612,18.093
0.0,0.0,17.914
0.000653,0.0,17.427
13.686,0.000653,16.3
5.4367,13.686,15.539
0.010902,5.4367,18.988
9.3549,0.010902,22.692
15.557,9.3549,18.946
4.1065,15.557,20.858
0.53418,4.1065,32.457
0.10176,0.53418,35.088
0.012372,0.10176,29.586
0.0,0.012372,24.57
2.3312,0.0,21.828
2.269,2.3312,20.009
1.3281,2.269,18.865
1.0486,1.3281,18.352
0.68195,1.0486,17.236
4.08e-05,0.68195,16.411
0.0,4.08e-05,15.467
0.41519,0.0,14.298
2.4161,0.41519,13.65
2.3838,2.4161,13.248
0.78281,2.3838,13.137
6.3893,0.78281,13.044
3.4185,6.3893,13.381
1.7314,3.4185,13.63
16.17,1.7314,13.582
1.3474,16.17,13.208
1.6231,1.3474,18.256
2.3147,1.6231,19.852
3.414,2.3147,17.223
0.16121,3.414,15.724
0.23193,0.16121,14.82
3.6359,0.23193,14.279
11.234,3.6359,13.772
8.41,11.234,13.553
3.7492,8.41,20.076
1.0071,3.7492,27.763
0.18028,1.0071,28.009
0.73279,0.18028,25.262
0.000735,0.73279,22.46
0.11229,0.000735,19.771
1.8207,0.11229,18.193
0.000531,1.8207,16.438
0.0,0.000531,15.537
0.0,0.0,14.688
0.071499,0.0,13.4
0.000123,0.071499,12.723
0.0,0.000123,11.848
0.21094,0.0,11.481
0.016129,0.21094,10.779
0.0,0.016129,10.365
0.0,0.0,10.42
0.0,0.0,9.65
2.239,0.0,9.213
0.016415,2.239,8.875
0.024663,0.016415,8.858
0.059535,0.024663,8.429
2.3943,0.059535,8.01
2.5168,2.3943,7.72
0.66999,2.5168,7.509
0.0071458,0.66999,7.46
0.018048,0.0071458,7.775
0.0073499,0.018048,7.364
0.0022866,0.0073499,6.861
0.99498,0.0022866,6.872
0.12225,0.99498,7.002
0.0086974,0.12225,6.952
0.014577,0.0086974,6.565
0.1363,0.014577,6.43
0.069743,0.1363,6.486
0.000368,0.069743,6.066
0.4198,0.000368,6.107
2.6993,0.4198,5.962
0.53793,2.6993,5.706
5.2052,0.53793,5.791
0.81025,5.2052,5.94
5.4945,0.81025,5.694
4.0323,5.4945,5.696
0.37897,4.0323,5.881
1.0548,0.37897,5.968
0.019682,1.0548,6.038
0.000572,0.019682,6.148
0.0,0.000572,5.536
4.08e-05,0.0,5.355
0.092323,4.08e-05,5.248
8.7214,0.092323,5.135
1.9606,8.7214,6.022
0.76231,1.9606,7.08
10.583,0.76231,6.885
0.50849,10.583,6.589
0.11764,0.50849,6.814
0.0057983,0.11764,6.616
1.5477,0.0057983,6.129
0.0,1.5477,5.754
0.17334,0.0,5.591
0.92944,0.17334,5.473
2.2361,0.92944,5.375
2.8154,2.2361,5.294
0.003675,2.8154,5.4
0.0,0.003675,5.486
0.12985,0.0,5.237
0.23573,0.12985,5.04
5.6924,0.23573,4.959
2.9418,5.6924,4.685
1.7089,2.9418,4.858
0.20661,1.7089,5.143
0.56876,0.20661,5.228
0.23503,0.56876,4.977
0.13381,0.23503,4.669
4.9298,0.13381,4.548
0.04316,4.9298,4.549
0.0030625,0.04316,4.604
0.0,0.0030625,4.832
0.000572,0.0,4.997
0.0,0.000572,4.775
0.0,0.0,4.738
0.42577,0.0,4.83
0.098367,0.42577,4.907
4.9302,0.098367,4.94
8.5379,4.9302,4.97
0.27052,8.5379,5.194
0.21045,0.27052,6.213
0.42875,0.21045,6.106
0.0030216,0.42875,5.657
0.38542,0.0030216,5.265
0.72401,0.38542,5.025
17.977,0.72401,5.022
0.58477,17.977,5.447
4.915,0.58477,10.44
2.0944,4.915,16.49
0.051695,2.0944,14.761
0.028706,0.051695,13.712
0.95353,0.028706,12.069
0.033401,0.95353,10.632
0.000368,0.033401,9.738
0.071621,0.000368,9.312
0.44761,0.071621,8.613
2.3581,0.44761,8.0
10.165,2.3581,7.336
0.31927,10.165,7.028
8.0908,0.31927,10.152
2.6871,8.0908,13.707
0.072642,2.6871,15.318
0.59208,0.072642,22.75
1.265,0.59208,23.151
1.1637,1.265,20.868
8.1993,1.1637,19.367
0.091466,8.1993,18.539
0.046958,0.091466,22.344
0.020498,0.046958,26.743
0.015149,0.020498,24.208
0.88261,0.015149,21.285
2.5599,0.88261,19.301
0.33205,2.5599,17.805
0.87575,0.33205,17.795
10.753,0.87575,18.205
4.5273,10.753,17.949
0.037893,4.5273,21.714
4.4229,0.037893,37.878
0.31147,4.4229,35.751
0.013516,0.31147,32.208
0.13152,0.013516,31.638
0.24234,0.13152,29.717
0.071662,0.24234,26.765
0.0,0.071662,24.348
1.4735,0.0,22.776
0.38546,1.4735,21.529
9.0629,0.38546,20.578
5.0538,9.0629,19.897
2.3278,5.0538,22.695
2.3183,2.3278,30.734
0.11494,2.3183,38.31
0.016292,0.11494,39.133
0.0078808,0.016292,35.618
0.0,0.0078808,32.549
0.1706,0.0,29.852
7.6736,0.1706,27.725
1.6663,7.6736,25.805
0.32964,1.6663,26.053
1.4861,0.32964,31.713
0.57603,1.4861,30.471
2.165,0.57603,28.509
13.979,2.165,28.433
2.0962,13.979,28.579
0.28024,2.0962,43.223
0.18996,0.28024,68.761
1.3759,0.18996,56.387
3.5908,1.3759,46.802
13.287,3.5908,41.611
0.16982,13.287,41.734
10.198,0.16982,77.974
0.083871,10.198,79.355
1.437,0.083871,80.699
2.0561,1.437,83.435
0.41286,2.0561,70.589
10.414,0.41286,64.068
2.0115,10.414,58.025
1.2242,2.0115,65.065
5.6481,1.2242,74.607
3.8232,5.6481,65.976
10.275,3.8232,64.314
2.908,10.275,76.55
5.6249,2.908,96.473
14.56,5.6249,99.32
0.27885,14.56,102.46
0.0077583,0.27885,178.22
0.0804,0.0077583,140.9
0.28363,0.0804,102.52
0.036709,0.28363,84.611
0.59445,0.036709,75.187
1.2052,0.59445,66.019
3.6784,1.2052,59.523
0.11678,3.6784,55.356
0.40862,0.11678,55.165
0.83103,0.40862,51.729
0.45161,0.83103,47.789
0.57685,0.45161,44.942
0.24483,0.57685,42.976
19.018,0.24483,40.496
4.8644,19.018,38.5
9.3964,4.8644,61.404
5.0989,9.3964,108.27
7.5169,5.0989,107.3
3.355,7.5169,113.39
0.44692,3.355,119.74
0.48359,0.44692,129.98
1.271,0.48359,105.19
0.0,1.271,87.102
0.023479,0.0,75.392
0.0013475,0.023479,65.932
0.0,0.0013475,60.057
1.6027,0.0,55.372
0.0037158,1.6027,50.477
0.032626,0.0037158,46.964
0.40482,0.032626,44.384
0.21237,0.40482,41.589
4.08e-05,0.21237,39.016
0.0,4.08e-05,37.298
0.0,0.0,35.057
0.0,0.0,33.588
0.0441,0.0,31.948
0.0,0.0441,30.398
2.3371,0.0,29.13
0.51862,2.3371,27.254
0.32454,0.51862,26.76
0.33916,0.32454,26.615
0.033116,0.33916,25.803
0.0,0.033116,24.921
0.0,0.0,23.539
0.0,0.0,21.91
4.067,0.0,21.019
1.7989,4.067,20.586
1.678,1.7989,20.673
0.063618,1.678,21.396
0.67766,0.063618,20.949
0.000368,0.67766,20.2
0.0,0.000368,19.717
0.0,0.0,18.927
0.11343,0.0,18.142
8.1895,0.11343,17.462
0.95296,8.1895,17.102
3.9603,0.95296,18.178
1.5626,3.9603,21.16
2.3978,1.5626,20.98
3.2542,2.3978,22.636
1.9155,3.2542,23.182
9.1117,1.9155,24.315
5.1338,9.1117,24.764
7.6446,5.1338,29.126
3.5385,7.6446,38.316
1.68,3.5385,51.602
0.40449,1.68,55.379
0.34357,0.40449,50.075
0.0091058,0.34357,43.048
0.13136,0.0091058,38.245
0.082319,0.13136,34.314
0.038097,0.082319,31.67
0.0,0.038097,29.768
0.0,0.0,27.579
1.2615,0.0,25.664
2.6655,1.2615,24.539
6.9743,2.6655,23.67
2.0675,6.9743,23.211
3.7679,2.0675,24.494
2.1899,3.7679,25.268
1.1221,2.1899,24.93
0.093426,1.1221,23.977
2.8078,0.093426,22.722
0.74492,2.8078,21.103
0.03136,0.74492,20.655
0.012658,0.03136,20.607
0.14304,0.012658,19.76
0.98718,0.14304,18.738
11.773,0.98718,18.142
0.79024,11.773,17.832
0.18461,0.79024,20.849
10.219,0.18461,25.571
1.3805,10.219,23.291
1.0214,1.3805,32.278
3.0691,1.0214,32.764
0.94724,3.0691,28.786
0.17366,0.94724,27.05
0.0059208,0.17366,25.656
0.0,0.0059208,23.548
0.0,0.0,21.923
0.1234,0.0,20.571
0.59253,0.1234,19.615
0.034667,0.59253,19.293
0.3352,0.034667,19.592
0.0,0.3352,18.67
0.0,0.0,17.875
0.19318,0.0,16.966
10.472,0.19318,15.553
9.8287,10.472,14.687
4.4069,9.8287,15.996
0.015966,4.4069,18.319
0.0015108,0.015966,14.696
0.000286,0.0015108,14.163
0.0021233,0.000286,13.549
0.04018,0.0021233,12.675
0.54953,0.04018,12.289
0.18975,0.54953,11.625
0.020621,0.18975,11.534
0.0,0.020621,11.143
0.0,0.0,10.783
0.0,0.0,10.107
0.0,0.0,10.065
0.0,0.0,9.657
5.5729,0.0,9.36
0.34357,5.5729,9.028
1.1659,0.34357,9.228
2.8293,1.1659,9.246
2.6502,2.8293,8.924
0.062964,2.6502,8.971
0.33748,0.062964,8.674
1.0686,0.33748,8.581
0.63524,1.0686,8.009
0.072193,0.63524,8.009
0.0033891,0.072193,8.009
0.0043691,0.0033891,7.596
0.24153,0.0043691,7.335
0.097428,0.24153,6.909
4.1277,0.097428,6.74
3.9392,4.1277,6.701
0.084647,3.9392,6.776
0.0,0.084647,6.74
0.0,0.0,6.467
0.0,0.0,6.137
0.27783,0.0,6.037
0.84047,0.27783,5.557
3.6236,0.84047,5.545
0.57795,3.6236,5.539
1.3756,0.57795,5.556
0.75288,1.3756,5.551
27.668,0.75288,5.556
4.4579,27.668,5.26
0.49392,4.4579,10.56
6.0881,0.49392,11.885
1.829,6.0881,9.898
1.0151,1.829,8.615
5.9827,1.0151,8.196
2.7138,5.9827,8.002
1.6927,2.7138,7.774
3.3975,1.6927,7.962
5.4793,3.3975,7.787
2.9391,5.4793,7.455
1.7107,2.9391,7.394
3.2707,1.7107,8.807
4.1524,3.2707,8.054
0.38783,4.1524,8.009
0.082768,0.38783,7.918
1.6082,0.082768,7.377
2.2044,1.6082,7.299
2.1366,2.2044,6.769
0.22168,2.1366,6.74
3.7159,0.22168,6.74
1.5449,3.7159,6.203
3.4999,1.5449,6.137
1.3091,3.4999,6.137
0.32932,1.3091,6.181
0.50457,0.32932,6.137
3.9427,0.50457,5.916
6.0064,3.9427,5.556
0.46296,6.0064,5.556
0.021233,0.46296,5.047
0.0082074,0.021233,5.253
0.45713,0.0082074,4.712
1.2977,0.45713,4.889
0.12699,1.2977,4.159
0.04659,0.12699,3.945
0.14961,0.04659,4.163
2.3606,0.14961,4.178
0.077052,2.3606,4.167
0.033851,0.077052,4.35
0.22523,0.033851,4.032
1.6144,0.22523,3.82
20.408,1.6144,3.726
0.021682,20.408,3.916
1.2796,0.021682,4.618
0.17011,1.2796,8.911
0.25361,0.17011,8.731
2.4067,0.25361,7.099
0.95333,2.4067,5.897
2.4078,0.95333,5.422
6.9757,2.4078,5.059
4.1888,6.9757,5.207
0.70114,4.1888,5.535
0.073867,0.70114,6.04
7.6204,0.073867,6.708
6.2386,7.6204,6.391
10.571,6.2386,6.179
20.289,10.571,6.795
10.698,20.289,11.517
0.023806,10.698,27.828
1.5373,0.023806,37.71
15.569,1.5373,37.102
5.2103,15.569,32.688
1.4292,5.2103,36.162
1.5937,1.4292,40.077
2.7698,1.5937,39.645
0.14822,2.7698,33.907
2.1348,0.14822,28.733
1.1328,2.1348,24.546
0.0064924,1.1328,20.972
0.0023683,0.0064924,18.402
1.9048,0.0023683,16.295
0.062842,1.9048,14.134
0.76056,0.062842,14.315
0.039322,0.76056,13.403
0.092364,0.039322,12.283
0.0,0.092364,11.551
0.0,0.0,10.627
0.0,0.0,9.889
0.31944,0.0,9.051
6.5188,0.31944,7.813
0.94185,6.5188,8.058
6.5583,0.94185,8.631
6.7949,6.5583,8.206
0.43544,6.7949,8.231
1.3178,0.43544,9.241
5.7541,1.3178,9.544
5.7709,5.7541,9.666
0.93883,5.7709,10.037
6.0179,0.93883,10.908
1.1105,6.0179,13.097
3.0184,1.1105,13.602
4.4257,3.0184,13.227
0.23165,4.4257,12.738
1.1968,0.23165,12.913
0.25639,1.1968,13.634
0.7225,0.25639,12.978
0.8089,0.7225,11.604
1.2461,0.8089,10.73
11.933,1.2461,10.075
0.20384,11.933,10.238
6.0272,0.20384,15.538
2.4452,6.0272,18.979
21.929,2.4452,18.493
1.5327,21.929,20.918
2.1556,1.5327,44.138
1.0054,2.1556,64.842
0.38109,1.0054,53.818
0.24769,0.38109,40.923
0.0048591,0.24769,36.227
0.063128,0.0048591,32.321
0.00343,0.063128,28.244
2.8764,0.00343,25.828
2.2377,2.8764,23.386
1.0324,2.2377,21.522
0.89302,1.0324,20.669
0.71874,0.89302,20.017
0.13222,0.71874,19.638
4.6083,0.13222,18.187
0.26831,4.6083,16.567
23.584,0.26831,16.183
1.3804,23.584,17.157
15.758,1.3804,50.556
7.8278,15.758,62.844
1.0951,7.8278,75.607
0.063863,1.0951,99.524
0.50735,0.063863,91.351
13.662,0.50735,71.699
17.195,13.662,60.545
1.3315,17.195,73.071
0.14904,1.3315,117.1
0.021968,0.14904,124.44
0.0030216,0.021968,96.41
0.34255,0.0030216,76.439
1.3165,0.34255,65.296
0.10127,1.3165,57.6
0.12511,0.10127,52.231
0.26158,0.12511,46.34
0.37178,0.26158,43.007
0.59922,0.37178,39.903
0.77497,0.59922,37.594
0.13532,0.77497,35.349
0.3038,0.13532,33.615
0.33601,0.3038,31.564
0.0072683,0.33601,30.07
0.069947,0.0072683,27.993
0.13691,0.069947,26.395
1.9559,0.13691,25.231
6.7502,1.9559,25.065
10.653,6.7502,24.849
8.7811,10.653,28.078
10.645,8.7811,51.747
1.1256,10.645,53.314
0.30102,1.1256,94.953
0.058187,0.30102,95.76
0.12981,0.058187,74.374
7.7331,0.12981,61.729
0.13834,7.7331,55.75
3.0926,0.13834,62.251
0.028175,3.0926,63.594
0.04312,0.028175,57.491
1.5786,0.04312,52.682
0.089792,1.5786,48.529
0.91298,0.089792,45.534
0.32319,0.91298,43.112
0.77268,0.32319,40.245
0.27795,0.77268,38.538
0.65263,0.27795,37.556
0.29514,0.65263,35.84
0.011107,0.29514,33.911
0.91646,0.011107,32.484
0.39326,0.91646,31.817
0.012617,0.39326,30.764
0.12813,0.012617,29.515
2.0349,0.12813,28.201
6.3657,2.0349,27.301
2.5702,6.3657,26.589
6.4933,2.5702,29.355
1.5991,6.4933,34.506
9.0415,1.5991,37.927
1.3774,9.0415,45.841
1.833,1.3774,57.4
8.1824,1.833,63.47
1.8583,8.1824,55.946
1.7176,1.8583,61.305
5.7235,1.7176,73.65
3.726,5.7235,67.128
0.4354,3.726,66.372
5.3918,0.4354,64.014
0.49196,5.3918,62.47
0.40339,0.49196,71.471
6.0993,0.40339,68.969
0.93442,6.0993,63.703
5.767,0.93442,68.741
0.34308,5.767,70.911
3.01,0.34308,77.861
0.2541,3.01,72.922
4.1827,0.2541,66.515
6.0773,4.1827,63.017
34.665,6.0773,63.94
4.5991,34.665,77.569
2.0971,4.5991,301.65
0.27628,2.0971,255.19
6.5445,0.27628,179.9
0.3049,6.5445,131.33
0.23426,0.3049,116.92
0.69036,0.23426,107.11
1.1688,0.69036,93.501
1.4948,1.1688,83.796
4.3753,1.4948,75.255
4.1078,4.3753,69.57
5.9425,4.1078,68.326
3.0162,5.9425,72.973
5.9638,3.0162,87.83
7.7253,5.9638,90.126
0.029686,7.7253,89.219
0.24091,0.029686,126.81
0.87268,0.24091,104.89
0.024377,0.87268,87.449
0.099183,0.024377,77.558
0.015721,0.099183,70.371
0.12156,0.015721,64.438
0.12421,0.12156,59.061
0.040057,0.12421,54.379
0.0083299,0.040057,50.544
0.092038,0.0083299,47.478
0.10768,0.092038,44.5
2.8389,0.10768,42.24
0.68489,2.8389,40.273
0.91948,0.68489,39.311
1.0483,0.91948,37.884
0.5822,1.0483,36.171
5.4786,0.5822,34.6
0.36227,5.4786,33.369
9.0547,0.36227,34.87
3.3855,9.0547,36.373
0.2234,3.3855,46.003
0.060269,0.2234,55.345
0.021192,0.060269,49.881
0.66031,0.021192,44.395
0.21572,0.66031,40.41
0.41147,0.21572,38.201
0.11009,0.41147,36.183
1.8676,0.11009,34.169
5.2832,1.8676,32.139
1.6561,5.2832,30.965
2.4245,1.6561,32.77
1.7383,2.4245,33.826
0.52074,1.7383,35.143
0.073214,0.52074,37.185
0.082197,0.073214,38.55
1.0539,0.082197,34.842
0.14912,1.0539,31.794
0.30661,0.14912,30.486
0.58926,0.30661,29.122
0.15533,0.58926,26.754
0.0010617,0.15533,25.687
0.022295,0.0010617,24.658
0.015027,0.022295,23.476
0.0015517,0.015027,22.349
0.050919,0.0015517,21.839
0.06227,0.050919,21.019
0.79735,0.06227,20.655
0.071458,0.79735,20.339
0.33128,0.071458,19.919
7.3939,0.33128,19.384
0.51392,7.3939,19.127
2.7884,0.51392,20.816
0.10821,2.7884,20.514
0.0065741,0.10821,19.562
4.08e-05,0.0065741,19.119
14.285,4.08e-05,18.425
15.786,14.285,18.133
0.42242,15.786,24.428
2.6611,0.42242,76.785
2.1077,2.6611,64.046
0.13467,2.1077,50.81
0.034096,0.13467,46.366
0.92568,0.034096,42.158
2.4354,0.92568,37.762
5.0356,2.4354,34.49
1.4998,5.0356,32.594
8.4218,1.4998,32.367
0.64169,8.4218,34.535
0.0020008,0.64169,37.377
0.03136,0.0020008,46.842
1.7027,0.03136,41.611
9.4917,1.7027,36.54
5.708,9.4917,33.366
2.2059,5.708,37.704
0.10102,2.2059,51.335
1.0372,0.10102,48.957
0.17236,1.0372,41.911
1.2272,0.17236,38.186
0.64986,1.2272,34.982
2.9204,0.64986,32.765
3.4781,2.9204,31.654
0.35659,3.4781,31.41
5.5552,0.35659,31.069
12.48,5.5552,29.428
2.3171,12.48,33.124
0.22131,2.3171,67.58
0.16921,0.22131,57.792
0.0073499,0.16921,48.401
0.33295,0.0073499,42.605
0.39726,0.33295,38.79
0.021437,0.39726,35.785
4.1595,0.021437,33.276
3.2618,4.1595,30.986
8.003,3.2618,30.442
0.34018,8.003,29.155
1.8116,0.34018,30.221
1.9047,1.8116,30.47
0.84238,1.9047,27.926
8.3677,0.84238,27.524
3.1131,8.3677,26.422
0.24198,3.1131,35.582
0.88644,0.24198,38.66
1.6048,0.88644,30.666
1.3312,1.6048,27.346
0.84929,1.3312,25.743
0.088567,0.84929,24.242
0.0,0.088567,22.794
0.0,0.0,21.525
0.0,0.0,20.296
0.0,0.0,19.512
0.0,0.0,18.666
0.005145,0.0,17.638
0.12736,0.005145,17.254
0.9659,0.12736,16.588
9.7337,0.9659,16.122
3.243,9.7337,15.802
0.79428,3.243,17.314
3.1383,0.79428,17.62
6.3519,3.1383,17.096
10.556,6.3519,16.807
4.4354,10.556,17.601
3.4559,4.4354,19.668
2.2343,3.4559,22.767
1.1929,2.2343,23.502
0.050592,1.1929,23.178
0.01568,0.050592,21.955
3.0935,0.01568,20.476
5.6437,3.0935,19.242
2.5541,5.6437,18.838
2.8129,2.5541,18.999
1.4022,2.8129,19.589
0.61715,1.4022,19.003
0.077787,0.61715,18.451
0.000531,0.077787,16.987
0.0,0.000531,14.512
0.0,0.0,13.878
0.0,0.0,13.878
0.0,0.0,13.632
0.012536,0.0,12.985
0.0033075,0.012536,12.297
0.05247,0.0033075,11.784
3.7746,0.05247,11.314
3.3993,3.7746,10.79
1.5686,3.3993,10.79
0.12952,1.5686,10.821
0.65439,0.12952,10.79
0.0019192,0.65439,10.507
0.39747,0.0019192,10.065
0.16288,0.39747,9.885
0.0075949,0.16288,9.36
2.0477,0.0075949,9.346
0.21523,2.0477,8.749
0.000939,0.21523,8.674
0.0,0.000939,8.674
0.0,0.0,8.331
1.8085,0.0,8.009
3.5336,1.8085,7.455
1.004,3.5336,7.364
2.9232,1.004,7.602
2.3948,2.9232,7.777
11.838,2.3948,7.75
3.7676,11.838,8.031
6.4783,3.7676,9.092
0.91417,6.4783,9.962
0.69236,0.91417,10.575
0.73985,0.69236,9.599
0.012577,0.73985,8.678
0.0011842,0.012577,8.643
0.0,0.0011842,8.009
0.0,0.0,7.401
0.095059,0.0,6.919
0.15484,0.095059,6.74
0.0,0.15484,6.234
0.0012658,0.0,6.137
0.753,0.0012658,6.137
0.36399,0.753,5.723
0.18465,0.36399,5.556
0.20617,0.18465,5.228
0.000694,0.20617,4.998
2.4292,0.000694,4.881
2.6094,2.4292,4.543
0.15566,2.6094,4.833
0.019927,0.15566,5.033
0.0,0.019927,4.998
0.43365,0.0,4.85
15.624,0.43365,4.462
8.9262,15.624,4.849
0.51123,8.9262,6.055
0.98142,0.51123,7.039
0.022989,0.98142,7.013
0.33503,0.022989,6.643
1.0259,0.33503,5.977
4.4686,1.0259,5.391
0.33863,4.4686,4.998
0.17713,0.33863,4.998
0.0,0.17713,4.998
0.0,0.0,4.998
0.0441,0.0,4.521
0.0040833,0.0441,4.462
0.37338,0.0040833,4.172
6.1717,0.37338,3.95
0.18902,6.1717,3.95
0.0024908,0.18902,4.539
0.090608,0.0024908,4.457
0.028869,0.090608,4.054
6.8538,0.028869,3.95
2.3901,6.8538,3.839
0.46995,2.3901,3.92
0.1383,0.46995,3.95
2.5874,0.1383,3.95
0.031319,2.5874,3.486
7.7864,0.031319,2.738
2.0235,7.7864,2.731
3.7719,2.0235,2.579
0.54026,3.7719,2.991
0.27566,0.54026,3.318
1.5334,0.27566,3.461
0.0047366,1.5334,3.196
0.11833,0.0047366,2.808
2.8472,0.11833,2.648
0.44336,2.8472,2.653
0.014863,0.44336,2.765
0.0020416,0.014863,2.721
1.1335,0.0020416,2.704
0.0093916,1.1335,2.584
0.1606,0.0093916,2.726
0.64508,0.1606,2.819
3.747,0.64508,2.63
5.7873,3.747,2.513
0.068028,5.7873,2.646
0.0017967,0.068028,3.12
0.025643,0.0017967,2.891
1.0689,0.025643,2.754
5.1756,1.0689,2.384
4.0815,5.1756,2.272
0.014904,4.0815,2.278
0.0046958,0.014904,2.428
0.19249,0.0046958,2.377
3.7911,0.19249,2.388
0.054022,3.7911,2.19
0.76256,0.054022,2.221
2.2895,0.76256,2.274
0.40453,2.2895,2.451
8.3724,0.40453,2.628
0.4178,8.3724,2.647
6.9227,0.4178,3.11
1.7353,6.9227,3.07
5.8262,1.7353,3.458
3.1107,5.8262,3.794
0.86092,3.1107,4.532
0.98163,0.86092,5.004
0.0,0.98163,5.01
0.0,0.0,4.998
0.0,0.0,4.778
0.00098,0.0,4.462
0.0,0.00098,4.14
4.1197,0.0,3.95
0.33193,4.1197,3.915
0.68869,0.33193,3.887
11.848,0.68869,3.574
2.9303,11.848,3.478
0.0094733,2.9303,4.517
0.000817,0.0094733,6.137
0.05341,0.000817,6.294
0.0055941,0.05341,6.137
0.55713,0.0055941,5.614
0.51401,0.55713,5.082
3.4628,0.51401,4.998
6.2058,3.4628,4.571
11.047,6.2058,4.943
1.6299,11.047,5.556
0.51821,1.6299,7.529
31.697,0.51821,11.485
5.4031,31.697,11.955
4.0359,5.4031,33.552
1.6069,4.0359,62.848
0.96374,1.6069,56.687
1.3423,0.96374,50.927
11.334,1.3423,41.976
3.8764,11.334,35.946
2.0008,3.8764,38.737
10.673,2.0008,41.708
17.593,10.673,40.149
6.2371,17.593,48.831
3.0845,6.2371,86.223
3.1043,3.0845,101.17
1.1344,3.1043,85.212
6.1056,1.1344,73.79
0.17534,6.1056,65.424
2.5287,0.17534,62.234
3.5795,2.5287,58.553
3.6441,3.5795,51.369
0.093018,3.6441,51.05
0.032707,0.093018,53.067
0.46448,0.032707,48.683
0.0072274,0.46448,42.866
0.0,0.0072274,39.724
0.0085749,0.0,36.99
0.2561,0.0085749,33.687
0.014455,0.2561,31.071
0.0,0.014455,28.893
0.0024908,0.0,26.988
0.12201,0.0024908,25.556
0.28207,0.12201,24.254
2.3141,0.28207,23.261
3.1394,2.3141,22.479
0.029726,3.1394,23.251
0.16558,0.029726,25.58
0.6784,0.16558,24.692
3.3579,0.6784,22.825
8.0828,3.3579,22.061
9.8405,8.0828,21.792
10.191,9.8405,24.541
1.7636,10.191,52.702
0.57689,1.7636,86.534
0.14483,0.57689,71.124
0.12997,0.14483,58.732
11.995,0.12997,50.031
5.1308,11.995,46.01
1.5907,5.1308,64.283
0.097795,1.5907,66.515
0.055451,0.097795,69.195
0.0031441,0.055451,65.754
0.036668,0.0031441,57.765
0.04904,0.036668,50.095
0.56946,0.04904,45.002
0.078032,0.56946,41.911
0.16921,0.078032,39.388
2.0459,0.16921,36.054
0.2982,2.0459,32.817
0.75435,0.2982,31.711
0.56464,0.75435,30.084
0.1225,0.56464,28.684
0.98734,0.1225,27.886
0.10384,0.98734,27.397
0.0018375,0.10384,26.476
0.59914,0.0018375,25.668
0.085872,0.59914,24.599
0.58975,0.085872,23.821
15.106,0.58975,23.572
1.7767,15.106,23.754
1.136,1.7767,39.808
0.086158,1.136,55.824
1.4294,0.086158,48.172
0.15002,1.4294,40.837
0.012087,0.15002,36.414
0.11682,0.012087,36.542
0.0,0.11682,35.537
0.64096,0.0,33.315
0.010412,0.64096,30.615
7.9272,0.010412,28.791
5.1409,7.9272,26.582
0.090486,5.1409,28.777
5.8494,0.090486,42.838
0.74831,5.8494,44.954
0.84455,0.74831,45.409
2.9708,0.84455,48.341
2.513,2.9708,45.185
1.2176,2.513,43.829
0.38624,1.2176,46.057
2.8391,0.38624,44.647
0.15435,2.8391,42.152
0.002695,0.15435,40.798
0.0,0.002695,39.132
0.0,0.0,36.289
0.0,0.0,34.057
0.0,0.0,32.251
0.0,0.0,30.835
0.11037,0.0,29.392
0.018375,0.11037,27.673
0.0029808,0.018375,26.035
0.0015517,0.0029808,24.609
0.0,0.0015517,23.418
0.0049408,0.0,22.383
0.0,0.0049408,22.398
0.0,0.0,22.338
0.0,0.0,21.064
0.0,0.0,20.151
0.0017967,0.0,19.272
4.0952,0.0017967,18.522
0.13189,4.0952,17.798
0.0,0.13189,18.926
0.0066558,0.0,19.292
6.9518,0.0066558,17.824
1.0467,6.9518,16.77
7.1148,1.0467,17.342
6.9671,7.1148,19.862
3.2599,6.9671,24.51
2.2446,3.2599,38.12
0.099102,2.2446,44.407
0.00147,0.099102,42.226
0.020212,0.00147,38.212
0.89449,0.020212,30.7
1.1931,0.89449,28.611
3.8826,1.1931,27.231
0.65382,3.8826,27.339
0.069416,0.65382,27.836
0.024377,0.069416,28.39
0.42066,0.024377,25.838
0.28334,0.42066,23.94
0.038097,0.28334,22.929
0.1089,0.038097,21.826
0.7753,0.1089,20.53
0.24161,0.7753,19.443
0.30666,0.24161,18.315
11.625,0.30666,17.75
8.6051,11.625,16.798
4.1519,8.6051,19.957
4.4933,4.1519,36.463
0.61731,4.4933,53.015
17.913,0.61731,50.705
1.3547,17.913,45.652
10.473,1.3547,90.058
0.9243,10.473,95.451
0.1432,0.9243,117.74
1.9862,0.1432,107.54
0.54251,1.9862,86.14
0.0014292,0.54251,73.137
0.43099,0.0014292,63.795
1.745,0.43099,55.923
0.07501,1.745,50.341
0.002205,0.07501,45.302
3.1138,0.002205,41.903
4.0718,3.1138,38.544
5.5937,4.0718,37.245
9.8334,5.5937,39.225
2.7568,9.8334,43.032
0.70923,2.7568,63.074
11.793,0.70923,66.588
9.1505,11.793,60.449
5.369,9.1505,78.279
6.8742,5.369,118.53
2.0613,6.8742,106.16
0.51049,2.0613,98.96
0.0049816,0.51049,94.562
0.043405,0.0049816,78.852
2.0296,0.043405,68.584
4.734,2.0296,61.444
1.8528,4.734,55.942
0.43895,1.8528,53.272
3.887,0.43895,49.553
2.1828,3.887,45.204
0.59118,2.1828,42.753
0.08481,0.59118,42.163
0.10339,0.08481,39.869
0.49196,0.10339,36.988
0.27419,0.49196,34.388
4.1878,0.27419,32.453
4.3996,4.1878,30.887
0.396,4.3996,30.253
0.035484,0.396,31.947
0.0042466,0.035484,30.963
1.4279,0.0042466,29.71
0.019682,1.4279,25.093
0.82654,0.019682,24.297
0.00147,0.82654,23.101
0.001715,0.00147,22.02
0.0043691,0.001715,21.072
10.169,0.0043691,20.261
2.7068,10.169,20.084
8.1559,2.7068,22.855
3.2797,8.1559,22.948
8.0439,3.2797,25.857
0.32287,8.0439,27.425
0.40118,0.32287,36.515
0.041405,0.40118,33.731
10.488,0.041405,29.469
0.022866,10.488,28.579
1.1508,0.022866,37.528
1.1703,1.1508,32.835
13.183,1.1703,30.72
3.2422,13.183,30.891
20.017,3.2422,54.45
2.245,20.017,57.635
2.5735,2.245,110.11
7.6803,2.5735,75.731
10.121,7.6803,60.482
11.6,10.121,71.141
1.4499,11.6,87.556
14.757,1.4499,98.651
1.0432,14.757,94.927
5.679,1.0432,130.58
0.10808,5.679,100.16
10.185,0.10808,82.052
0.70584,10.185,71.003
0.58122,0.70584,70.355
0.18689,0.58122,70.391
0.0080441,0.18689,60.387
0.0071458,0.0080441,53.128
0.0,0.0071458,47.023
0.0,0.0,42.55
0.0,0.0,38.93
0.0,0.0,36.058
0.0,0.0,33.741
0.0,0.0,31.591
0.0,0.0,29.796
0.0,0.0,28.103
0.0,0.0,26.54
0.00049,0.0,25.132
0.1559,0.00049,23.868
0.045406,0.1559,22.572
0.013312,0.045406,21.296
0.0,0.013312,20.191
0.0,0.0,19.525
0.14871,0.0,18.895
0.088403,0.14871,18.211
2.683,0.088403,17.72
6.4258,2.683,17.228
0.98575,6.4258,16.904
2.9352,0.98575,17.244
1.2095,2.9352,17.112
0.010494,1.2095,16.376
0.22176,0.010494,15.528
1.3648,0.22176,14.894
0.21151,1.3648,14.379
0.19955,0.21151,14.205
0.10604,0.19955,13.793
0.091997,0.10604,13.42
3.9969,0.091997,13.115
0.26268,3.9969,12.776
0.019845,0.26268,12.841
4.118,0.019845,12.55
1.4354,4.118,12.046
0.81147,1.4354,11.913
0.0071458,0.81147,11.599
0.19236,0.0071458,11.169
0.13524,0.19236,10.996
10.087,0.13524,10.703
0.28538,10.087,10.435
2.2684,0.28538,10.741
0.1129,2.2684,10.836
0.38722,0.1129,10.321
0.0,0.38722,9.766
0.0,0.0,9.609
0.0,0.0,9.145
0.0,0.0,8.667
0.0,0.0,8.304
0.0,0.0,7.987
0.12417,0.0,7.649
0.27954,0.12417,7.33
0.031401,0.27954,7.025
0.25574,0.031401,6.813
0.032503,0.25574,6.777
0.025439,0.032503,6.473
0.0084524,0.025439,6.249
0.043079,0.0084524,6.084
0.62572,0.043079,5.761
9.3933,0.62572,5.53
1.5459,9.3933,5.484
7.7642,1.5459,5.754
6.5962,7.7642,6.072
0.16525,6.5962,6.544
0.034667,0.16525,6.452
0.0037566,0.034667,6.314
0.43312,0.0037566,5.949
1.9917,0.43312,5.658
1.5786,1.9917,5.542
0.059045,1.5786,5.467
3.4153,0.059045,5.374
0.61119,3.4153,5.235
2.4623,0.61119,5.206
0.60596,2.4623,5.107
0.28865,0.60596,5.156
0.000898,0.28865,5.124
0.5971,0.000898,4.962
6.5305,0.5971,4.868
0.41347,6.5305,4.806
2.93,0.41347,4.989
23.29,2.93,5.016
4.8142,23.29,5.035
1.2529,4.8142,8.007
0.027971,1.2529,11.141
1.4562,0.027971,10.464
0.85762,1.4562,9.387
1.3249,0.85762,8.304
6.2634,1.3249,7.573
1.1641,6.2634,7.505
1.8605,1.1641,7.5
3.0251,1.8605,7.444
1.057,3.0251,6.655
7.5999,1.057,6.566
2.3089,7.5999,6.562
17.526,2.3089,6.802
6.1911,17.526,6.904
0.77922,6.1911,9.078
6.4408,0.77922,13.797
4.7035,6.4408,14.941
0.0064108,4.7035,14.716
0.0012658,0.0064108,14.614
0.0030216,0.0012658,14.385
0.0035116,0.0030216,13.678
0.30208,0.0035116,12.717
6.6773,0.30208,11.282
0.96558,6.6773,10.745
6.6911,0.96558,10.553
0.01617,6.6911,10.621
0.000653,0.01617,10.3
2.4501,0.000653,9.926
0.45463,2.4501,9.326
10.212,0.45463,9.137
3.156,10.212,9.365
25.532,3.156,9.943
1.7248,25.532,10.287
5.0927,1.7248,23.581
9.2301,5.0927,36.765
2.1717,9.2301,36.064
0.69914,2.1717,36.64
0.70976,0.69914,39.298
4.8335,0.70976,34.753
1.0066,4.8335,30.275
1.485,1.0066,29.059
14.507,1.485,28.429
2.065,14.507,26.421
0.67403,2.065,36.644
0.05096,0.67403,43.868
9.442,0.05096,37.839
7.12,9.442,31.233
3.1144,7.12,30.116
0.093303,3.1144,44.18
7.3961,0.093303,49.414
0.0086566,7.3961,44.336
16.404,0.0086566,42.427
0.87726,16.404,42.218
0.0014292,0.87726,48.065
0.0,0.0014292,64.961
0.0,0.0,55.848
0.000408,0.0,47.384
0.0,0.000408,41.26
8.5114,0.0,36.916
0.65966,8.5114,34.567
7.1893,0.65966,36.026
1.8741,7.1893,37.691
6.5639,1.8741,46.045
0.25521,6.5639,46.028
0.0016333,0.25521,46.912
1.2889,0.0016333,49.299
32.494,1.2889,44.238
3.5612,32.494,47.021
1.2914,3.5612,135.61
0.34549,1.2914,124.4
0.55553,0.34549,98.793
1.905,0.55553,84.141
0.048795,1.905,73.688
0.046917,0.048795,65.908
0.0,0.046917,57.884
0.0021641,0.0,51.157
0.0068599,0.0021641,46.603
0.0037158,0.0068599,43.073
0.87575,0.0037158,40.185
1.7471,0.87575,37.438
0.078073,1.7471,35.505
0.14806,0.078073,34.407
4.0345,0.14806,32.136
1.1293,4.0345,30.644
1.4711,1.1293,31.171
0.58518,1.4711,31.24
5.0926,0.58518,30.359
27.712,5.0926,30.101
8.1886,27.712,42.112
2.8889,8.1886,151.54
0.56938,2.8889,123.88
7.3225,0.56938,114.7
0.7929,7.3225,95.907
0.81817,0.7929,95.88
8.829,0.81817,88.269
0.95043,8.829,75.723
4.7655,0.95043,83.243
0.21895,4.7655,84.957
4.9998,0.21895,81.685
2.3595,4.9998,73.863
0.37236,2.3595,72.526
0.30723,0.37236,77.544
14.241,0.30723,69.427
2.7633,14.241,62.877
15.458,2.7633,95.095
13.653,15.458,96.997
10.474,13.653,138.35
2.3365,10.474,259.73
9.4167,2.3365,230.07
10.717,9.4167,177.97
1.2472,10.717,155.36
5.4024,1.2472,220.34
13.198,5.4024,172.41
2.2291,13.198,137.37
1.3087,2.2291,204.01
7.6322,1.3087,194.43
10.479,7.6322,148.97
2.108,10.479,142.19
0.20355,2.108,190.01
1.2692,0.20355,172.37
0.11609,1.2692,137.33
0.13581,0.11609,119.53
0.077215,0.13581,105.05
0.017762,0.077215,93.572
0.0,0.017762,84.24
0.012862,0.0,76.388
0.020171,0.012862,69.777
0.33128,0.020171,64.486
5.7261,0.33128,59.932
4.5125,5.7261,56.641
4.013,4.5125,57.192
4.6319,4.013,66.933
1.9101,4.6319,68.021
6.8352,1.9101,73.1
1.9636,6.8352,70.546
1.0027,1.9636,78.708
4.3732,1.0027,75.403
0.95635,4.3732,70.855
0.4218,0.95635,72.51
4.4694,0.4218,68.3
5.3901,4.4694,63.78
12.774,5.3901,64.391
9.1017,12.774,76.307
8.2383,9.1017,113.86
2.0035,8.2383,148.47
0.99735,2.0035,150.94
3.0262,0.99735,141.61
0.092242,3.0262,118.13
1.7953,0.092242,105.48
1.9359,1.7953,93.646
19.311,1.9359,85.562
1.5677,19.311,79.683
3.8637,1.5677,139.86
13.509,3.8637,154.6
2.5933,13.509,132.81
0.13148,2.5933,162.29
0.32973,0.13148,144.38
0.064761,0.32973,115.6
0.16554,0.064761,100.23
0.14716,0.16554,87.23
0.10253,0.14716,78.144
0.46966,0.10253,71.263
0.074724,0.46966,65.371
0.021192,0.074724,60.916
0.092936,0.021192,57.278
0.001225,0.092936,54.027
0.0,0.001225,50.636
0.0013475,0.0,47.435
0.014169,0.0013475,44.336
0.042711,0.014169,42.243
0.0,0.042711,40.834
3.3445,0.0,39.096
4.7514,3.3445,36.954
0.8047,4.7514,36.738
3.8187,0.8047,40.298
6.992,3.8187,39.502
0.65827,6.992,40.551
1.7799,0.65827,47.757
0.21646,1.7799,53.58
6.5874,0.21646,49.574
0.097387,6.5874,46.233
0.0052675,0.097387,55.251
4.1576,0.0052675,52.702
2.2503,4.1576,46.601
5.9802,2.2503,46.155
6.277,5.9802,52.954
0.43512,6.277,57.496
3.1046,0.43512,66.992
2.9755,3.1046,67.437
1.0265,2.9755,62.803
9.0719,1.0265,61.065
5.7201,9.0719,58.249
2.6122,5.7201,67.892
0.87113,2.6122,88.185
3.6114,0.87113,83.18
1.4932,3.6114,71.94
4.0038,1.4932,69.018
9.7397,4.0038,65.0
0.54014,9.7397,67.337
5.0314,0.54014,82.804
2.6735,5.0314,82.5
0.37975,2.6735,78.718
0.12924,0.37975,75.194
12.27,0.12924,68.097
0.29992,12.27,63.034
0.80531,0.29992,84.286
0.069702,0.80531,83.398
0.32544,0.069702,70.422
0.67566,0.32544,63.142
3.3725,0.67566,57.324
6.7303,3.3725,53.825
1.2871,6.7303,52.475
0.087383,1.2871,56.381
4.3097,0.087383,58.496
0.010739,4.3097,53.57
0.00147,0.010739,52.461
0.0,0.00147,51.112
0.0,0.0,46.927
0.000408,0.0,43.517
0.056595,0.000408,40.874
0.34271,0.056595,38.568
3.0418,0.34271,36.387
0.0095549,3.0418,34.613
0.0,0.0095549,33.845
0.0,0.0,31.982
0.0,0.0,29.58
0.0,0.0,28.162
0.0,0.0,27.085
0.0,0.0,26.624
0.0,0.0,25.84
0.0,0.0,24.601
0.0,0.0,23.199
0.015435,0.0,21.663
0.0,0.015435,21.368
0.0,0.0,20.654
0.0,0.0,19.875
0.0,0.0,19.264
0.0,0.0,18.417
0.05439,0.0,17.81
0.0,0.05439,17.421
0.0,0.0,16.952
0.0,0.0,16.339
0.0,0.0,15.836
0.0,0.0,15.378
0.54385,0.0,14.992
3.5464,0.54385,14.471
3.4288,3.5464,14.01
8.0425,3.4288,13.967
0.79208,8.0425,14.099
0.0031033,0.79208,14.922
0.0011842,0.0031033,15.389
0.021927,0.0011842,14.351
0.092773,0.021927,13.647
0.0,0.092773,13.277
0.0,0.0,13.215
0.0,0.0,12.962
0.0,0.0,12.793
0.00147,0.0,12.398
0.28632,0.00147,12.16
1.9586,0.28632,11.706
5.3627,1.9586,11.423
2.0179,5.3627,11.497
4.638,2.0179,11.593
1.7295,4.638,12.183
4.3465,1.7295,12.254
5.7896,4.3465,12.224
0.21854,5.7896,13.047
3.3645,0.21854,14.145
2.5507,3.3645,13.086
5.5708,2.5507,12.479
1.7986,5.5708,12.162
3.3783,1.7986,12.535
0.77464,3.3783,12.594
0.40127,0.77464,11.701
0.25263,0.40127,11.233
0.063291,0.25263,10.544
0.12336,0.063291,10.007
0.62082,0.12336,9.426
0.48044,0.62082,9.467
5.2588,0.48044,9.447
0.94581,5.2588,8.903
1.0727,0.94581,8.608
0.14524,1.0727,8.793
1.6322,0.14524,8.231
2.8454,1.6322,7.774
2.7617,2.8454,7.805
17.595,2.7617,7.799
7.0997,17.595,7.807
0.097183,7.0997,11.142
0.0014292,0.097183,17.524
0.00098,0.0014292,14.818
0.0,0.00098,12.315
0.0,0.0,11.635
0.0,0.0,10.664
0.0,0.0,9.886
0.70159,0.0,9.062
4.0597,0.70159,8.328
16.17,4.0597,7.847
6.3673,16.17,10.804
5.5822,6.3673,13.915
0.94096,5.5822,13.775
0.060719,0.94096,14.655
1.5309,0.060719,14.273
13.213,1.5309,12.908
3.2066,13.213,11.763
2.4022,3.2066,16.178
3.2235,2.4022,18.598
6.849,3.2235,18.845
3.7758,6.849,19.555
0.29392,3.7758,20.639
0.79914,0.29392,20.632
0.40314,0.79914,18.652
7.4676,0.40314,16.804
4.7178,7.4676,15.631
7.1443,4.7178,15.458
10.253,7.1443,15.724
7.2682,10.253,19.58
5.5776,7.2682,33.5
4.2374,5.5776,37.783
4.9375,4.2374,37.772
4.0779,4.9375,35.558
1.0561,4.0779,37.043
4.9657,1.0561,35.714
12.752,4.9657,33.362
0.27264,12.752,32.418
3.4566,0.27264,38.875
1.5316,3.4566,47.293
13.116,1.5316,40.611
2.6415,13.116,37.341
5.9577,2.6415,51.175
4.1672,5.9577,57.863
8.1728,4.1672,51.339
6.1396,8.1728,50.565
0.88563,6.1396,62.069
8.929,0.88563,70.896
0.58003,8.929,59.259
3.2453,0.58003,58.562
1.5498,3.2453,59.21
2.8016,1.5498,53.342
4.8601,2.8016,49.4
6.25,4.8601,44.35
2.0521,6.25,41.395
1.1831,2.0521,44.368
1.1446,1.1831,44.189
0.0032258,1.1446,40.578
0.037076,0.0032258,36.714
0.93438,0.037076,32.759
0.19138,0.93438,30.239
1.5212,0.19138,28.3
22.928,1.5212,26.02
8.6835,22.928,24.142
3.9122,8.6835,35.985
0.014986,3.9122,74.07
0.015843,0.014986,62.516
1.3736,0.015843,51.108
7.2954,1.3736,42.238
22.279,7.2954,36.752
3.0146,22.279,36.614
0.93777,3.0146,112.99
5.3751,0.93777,118.86
0.89118,5.3751,88.739
0.60927,0.89118,75.507
8.579,0.60927,67.079
3.8899,8.579,57.463
8.2829,3.8899,53.452
0.24908,8.2829,58.266
0.0,0.24908,57.991
0.0,0.0,56.941
0.069824,0.0,50.756
0.14414,0.069824,44.33
0.038791,0.14414,39.584
0.000449,0.038791,35.806
0.001225,0.000449,32.873
0.045692,0.001225,30.709
0.031727,0.045692,28.678
0.035606,0.031727,27.523
0.14835,0.035606,25.871
0.47901,0.14835,24.409
2.2301,0.47901,23.179
0.02891,2.2301,22.09
0.73806,0.02891,21.646
0.05488,0.73806,20.575
0.0,0.05488,19.728
0.000531,0.0,18.894
0.0072274,0.000531,18.032
0.16807,0.0072274,17.161
0.075868,0.16807,16.43
0.0075133,0.075868,15.887
0.0,0.0075133,15.406
0.7018,0.0,15.011
0.043405,0.7018,14.59
0.3561,0.043405,14.124
2.0757,0.3561,13.532
0.22613,2.0757,13.089
4.8354,0.22613,12.791
4.2987,4.8354,12.406
7.6165,4.2987,12.425
0.8165,7.6165,13.084
1.2285,0.8165,13.807
2.7448,1.2285,14.483
3.7395,2.7448,14.329
0.024949,3.7395,13.252
0.0016742,0.024949,13.626
0.066966,0.0016742,13.448
0.82711,0.066966,12.927
1.741,0.82711,12.604
1.1317,1.741,12.127
0.00441,1.1317,11.957
3.7404,0.00441,11.655
4.702,3.7404,11.47
0.012168,4.702,11.579
0.0085341,0.012168,12.036
0.0027766,0.0085341,12.336
0.010943,0.0027766,11.416
2.3435,0.010943,11.226
0.55913,2.3435,10.864
0.0053491,0.55913,10.737
0.0095958,0.0053491,10.737
0.0012658,0.0095958,10.788
0.0,0.0012658,10.327
0.41703,0.0,9.784
1.3169,0.41703,9.436
0.0021233,1.3169,9.177
0.0,0.0021233,8.848
0.0060841,0.0,8.583
0.0,0.0060841,8.605
0.0,0.0,8.053
0.12507,0.0,7.876
1.3498,0.12507,7.668
4.08e-05,1.3498,7.805
0.0,4.08e-05,7.743
0.074357,0.0,7.751
2.5178,0.074357,7.667
9.2716,2.5178,7.472
3.0411,9.2716,7.405
0.6029,3.0411,8.452
0.081298,0.6029,10.941
0.0,0.081298,10.5
0.0044916,0.0,10.136
0.053205,0.0044916,9.813
0.24704,0.053205,9.641
0.11347,0.24704,9.148
0.36529,0.11347,8.844
0.10992,0.36529,8.642
0.6443,0.10992,8.525
1.6372,0.6443,8.491
0.10359,1.6372,8.389
0.60947,0.10359,8.182
0.046141,0.60947,7.682
0.9218,0.046141,7.514
0.71441,0.9218,7.365
3.3887,0.71441,7.255
0.43075,3.3887,7.639
0.032544,0.43075,7.78
17.86,0.032544,7.818
9.7521,17.86,7.966
5.9169,9.7521,15.152
2.1585,5.9169,26.895
0.072928,2.1585,35.534
0.00588,0.072928,33.346
2.1933,0.00588,29.666
0.37444,2.1933,26.017
0.44671,0.37444,23.594
0.60294,0.44671,22.634
4.3127,0.60294,21.674
1.5698,4.3127,20.714
3.5637,1.5698,20.008
11.439,3.5637,22.543
14.365,11.439,24.759
1.5492,14.365,46.517
0.49065,1.5492,69.692
4.235,0.49065,86.423
4.886,4.235,68.225
10.569,4.886,59.724
17.994,10.569,59.192
9.605,17.994,80.66
1.3378,9.605,115.39
0.014782,1.3378,208.46
0.099102,0.014782,141.59
0.11021,0.099102,107.69
0.025439,0.11021,91.528
0.0,0.025439,79.424
0.0,0.0,68.607
0.0,0.0,59.924
0.0,0.0,53.07
0.0,0.0,47.563
0.0,0.0,43.407
0.031686,0.0,40.165
2.3472,0.031686,37.485
0.088526,2.3472,35.6
5.8928,0.088526,33.617
0.070519,5.8928,32.257
1.2817,0.070519,32.275
3.5713,1.2817,34.083
18.718,3.5713,33.505
6.4582,18.718,36.32
1.5429,6.4582,90.13
0.20457,1.5429,103.74
1.463,0.20457,92.924
0.093793,1.463,79.55
0.00539,0.093793,70.959
1.2817,0.00539,63.563
7.4471,1.2817,56.216
0.095059,7.4471,55.728
10.954,0.095059,65.395
3.091,10.954,58.981
14.44,3.091,82.104
14.317,14.44,87.662
0.17423,14.317,150.2
0.14692,0.17423,156.85
10.739,0.14692,167.73
2.5686,10.739,120.13
2.1407,2.5686,119.42
2.7262,2.1407,130.81
3.5194,2.7262,114.87
13.524,3.5194,105.34
4.2374,13.524,95.874
10.721,4.2374,127.4
12.18,10.721,159.13
1.1341,12.18,174.68
5.0474,1.1341,207.82
5.2339,5.0474,190.47
0.11858,5.2339,156.7
0.0013067,0.11858,150.94
0.0010208,0.0013067,127.45
0.0,0.0010208,109.97
4.3716,0.0,95.36
2.1067,4.3716,84.806
5.7289,2.1067,79.081
4.115,5.7289,78.002
0.63842,4.115,78.751
0.51094,0.63842,85.632
6.2997,0.51094,79.194
7.4159,6.2997,78.437
5.8123,7.4159,83.593
1.8942,5.8123,93.02
0.12936,1.8942,116.19
0.30494,0.12936,99.453
0.026419,0.30494,86.535
0.0017967,0.026419,76.649
0.0017967,0.0017967,68.18
0.0,0.0017967,62.17
0.0025316,0.0,57.593
0.0,0.0025316,54.298
0.0,0.0,51.239
0.0,0.0,47.351
0.0,0.0,44.068
0.000408,0.0,41.096
0.0085341,0.000408,39.0
0.45472,0.0085341,36.883
1.9915,0.45472,34.79
0.13667,1.9915,33.437
1.7236,0.13667,32.23
0.15178,1.7236,30.936
4.5493,0.15178,30.193
0.2303,4.5493,29.425
0.025888,0.2303,30.764
2.8295,0.025888,30.298
4.7968,2.8295,29.316
1.1224,4.7968,29.211
1.7053,1.1224,32.425
1.4605,1.7053,32.527
0.34835,1.4605,31.425
0.088199,0.34835,30.587
3.2029,0.088199,27.691
2.8676,3.2029,26.128
1.7826,2.8676,26.031
6.3302,1.7826,26.564
3.2629,6.3302,29.615
7.8541,3.2629,31.999
2.0187,7.8541,39.659
2.1912,2.0187,50.176
1.4376,2.1912,56.496
9.6764,1.4376,52.513
0.033279,9.6764,49.133
0.001225,0.033279,62.769
0.0,0.001225,65.467
0.090078,0.0,54.436
2.5117,0.090078,48.51
0.47407,2.5117,44.341
0.64953,0.47407,42.86
1.102,0.64953,39.432
0.088648,1.102,35.567
1.7502,0.088648,33.409
0.42017,1.7502,31.382
4.9546,0.42017,30.422
4.3902,4.9546,29.587
7.2798,4.3902,28.992
6.5185,7.2798,31.573
2.2004,6.5185,43.249
2.1293,2.2004,48.696
0.10114,2.1293,47.623
0.99012,0.10114,43.29
2.8319,0.99012,26.492
4.1754,2.8319,25.78
5.4132,4.1754,25.153
1.0739,5.4132,25.653
0.013475,1.0739,26.869
0.000123,0.013475,27.212
0.055002,0.000123,24.824
1.0855,0.055002,22.842
0.21964,1.0855,21.05
0.91658,0.21964,20.257
0.28648,0.91658,19.323
0.065047,0.28648,18.244
6.305,0.065047,17.974
2.4396,6.305,17.425
2.6188,2.4396,18.322
1.8429,2.6188,18.554
0.10588,1.8429,18.545
4.3212,0.10588,18.925
1.9912,4.3212,18.638
0.23307,1.9912,18.268
0.27566,0.23307,19.322
1.5239,0.27566,18.968
2.9201,1.5239,18.141
2.0434,2.9201,16.697
0.31347,2.0434,15.626
0.010412,0.31347,15.009
0.000163,0.010412,14.661
0.0010617,0.000163,13.687
1.7326,0.0010617,13.57
0.89281,1.7326,13.073
1.3109,0.89281,12.918
0.55374,1.3109,13.076
0.000204,0.55374,12.671
0.0,0.000204,11.711
0.0,0.0,11.342
0.0093916,0.0,10.877
0.000204,0.0093916,10.729
0.31437,0.000204,10.563
0.023969,0.31437,10.437
0.0040833,0.023969,9.705
0.04855,0.0040833,9.091
4.3162,0.04855,8.879
3.1703,4.3162,8.489
0.18734,3.1703,8.873
0.0027358,0.18734,9.87
0.041935,0.0027358,9.62
0.5871,0.041935,8.557
1.3383,0.5871,7.694
0.097999,1.3383,7.443
0.083218,0.097999,7.917
0.20176,0.083218,8.191
1.3408,0.20176,7.913
0.042548,1.3408,7.278
1.5646,0.042548,6.526
0.77293,1.5646,6.61
6.6492,0.77293,6.562
1.3159,6.6492,6.678
1.111,1.3159,7.069
0.10478,1.111,7.37
0.0062883,0.10478,7.484
0.0062883,0.0062883,6.701
0.5835,0.0062883,6.213
2.6334,0.5835,6.028
0.12234,2.6334,5.719
0.15006,0.12234,5.808
0.51739,0.15006,5.849
0.29273,0.51739,5.793
0.29792,0.29273,5.317
4.2948,0.29792,5.247
13.942,4.2948,5.151
3.1896,13.942,5.801
5.1688,3.1896,8.581
22.07,5.1688,8.501
2.0294,22.07,8.975
1.4896,2.0294,14.402
2.3905,1.4896,16.291
3.7479,2.3905,13.101
5.3843,3.7479,11.401
2.2022,5.3843,11.346
1.304,2.2022,11.068
0.84504,1.304,11.142
2.0687,0.84504,10.671
3.9383,2.0687,9.556
12.374,3.9383,8.623
18.737,12.374,8.888
13.24,18.737,12.198
12.595,13.24,40.96
10.093,12.595,39.876
0.7031,10.093,51.816
0.38428,0.7031,69.664
9.569,0.38428,59.52
4.6933,9.569,44.203
0.36574,4.6933,40.126
0.62303,0.36574,49.077
0.023356,0.62303,43.391
0.074439,0.023356,35.155
0.093303,0.074439,30.471
1.0967,0.093303,26.682
1.2151,1.0967,23.896
2.0263,1.2151,22.575
0.12503,2.0263,21.071
0.011229,0.12503,20.46
0.42548,0.011229,18.51
0.0060841,0.42548,16.701
0.41062,0.0060841,16.037
0.12295,0.41062,15.326
0.29718,0.12295,14.377
0.0022866,0.29718,13.456
0.17097,0.0022866,12.65
5.8533,0.17097,11.969
10.739,5.8533,11.249
20.989,10.739,11.266
3.4946,20.989,12.848
13.455,3.4946,20.058
0.99424,13.455,27.604
1.6482,0.99424,34.617
2.8637,1.6482,35.097
5.3403,2.8637,29.019
20.433,5.3403,25.875
0.69314,20.433,27.732
12.499,0.69314,68.705
17.397,12.499,67.02
4.1457,17.397,54.016
25.273,4.1457,99.627
8.1744,25.273,104.88
8.2102,8.1744,206.68
0.44451,8.2102,286.32
19.691,0.44451,248.32
32.342,19.691,148.73
2.4434,32.342,181.35
5.4078,2.4434,367.61
0.61964,5.4078,334.59
1.0508,0.61964,276.0
0.049898,1.0508,200.51
0.065823,0.049898,141.7
7.2198,0.065823,121.98
0.30755,7.2198,108.61
3.0629,0.30755,101.24
1.0287,3.0629,92.518
0.16664,1.0287,81.86
0.23385,0.16664,73.979
0.0066966,0.23385,66.754
0.45619,0.0066966,60.743
4.4587,0.45619,56.179
2.0492,4.4587,51.985
8.5231,2.0492,49.512
3.367,8.5231,48.121
2.2318,3.367,53.496
32.654,2.2318,52.262
0.079624,32.654,63.984
0.0067374,0.079624,180.99
3.1877,0.0067374,142.73
4.788,3.1877,101.32
5.7214,4.788,82.528
1.7696,5.7214,77.831
1.0559,1.7696,81.904
0.27297,1.0559,75.062
18.58,0.27297,66.709
0.67517,18.58,61.27
0.64708,0.67517,95.873
0.20764,0.64708,99.85
1.057,0.20764,83.675
0.071213,1.057,72.572
0.0,0.071213,63.869
0.0,0.0,57.387
0.0,0.0,52.355
0.0,0.0,47.962
0.0,0.0,44.34
0.0,0.0,41.542
0.0,0.0,38.927
0.32266,0.0,36.817
0.085463,0.32266,34.877
3.7111,0.085463,33.146
6.0269,3.7111,31.591
1.6921,6.0269,31.27
0.73128,1.6921,32.97
0.28134,0.73128,31.674
18.245,0.28134,29.857
0.7492,18.245,28.013
7.3829,0.7492,41.938
2.8118,7.3829,51.645
0.46929,2.8118,47.756
10.006,0.46929,52.866
9.6651,10.006,48.19
0.077624,9.6651,52.961
0.053491,0.077624,91.426
0.93699,0.053491,89.185
11.589,0.93699,74.571
2.0643,11.589,71.691
0.25868,2.0643,91.401
0.33356,0.25868,81.794
0.91858,0.33356,68.752
4.2517,0.91858,60.151
2.4769,4.2517,55.332
0.59767,2.4769,52.21
2.9736,0.59767,52.044
7.8053,2.9736,48.844
3.4142,7.8053,45.453
11.185,3.4142,57.236
0.70482,11.185,58.664
0.70894,0.70482,86.586
1.0406,0.70894,85.418
12.972,1.0406,70.711
0.83401,12.972,64.107
0.22234,0.83401,87.671
0.0011842,0.22234,89.975
0.0042058,0.0011842,74.917
0.0071458,0.0042058,64.332
0.35631,0.0071458,57.681
0.093671,0.35631,53.117
4.3658,0.093671,49.006
3.7227,4.3658,46.229
9.8908,3.7227,45.229
6.5546,9.8908,49.033
4.5377,6.5546,62.222
0.96215,4.5377,81.932
5.682,0.96215,84.639
0.80135,5.682,77.85
2.0512,0.80135,74.218
4.0,2.0512,78.552
1.8955,4.0,71.851
2.5423,1.8955,68.949
0.061372,2.5423,71.093
0.46158,0.061372,72.504
1.2734,0.46158,67.168
0.42703,1.2734,61.259
4.6165,0.42703,57.177
6.1125,4.6165,53.684
0.18395,6.1125,52.796
0.33185,0.18395,62.705
1.7687,0.33185,63.62
0.43753,1.7687,56.587
0.0096774,0.43753,53.302
0.0091058,0.0096774,51.636
0.0013883,0.0091058,48.073
1.4229,0.0013883,44.382
0.051,1.4229,41.619
13.199,0.051,39.671
0.29784,13.199,39.141
0.28742,0.29784,58.389
0.0011025,0.28742,72.026
3.2751,0.0011025,57.932
0.76296,3.2751,49.899
0.04757,0.76296,46.749
0.396,0.04757,48.046
4.8533,0.396,45.596
18.685,4.8533,43.305
0.39686,18.685,50.666
0.053124,0.39686,130.16
0.792,0.053124,108.8
2.6606,0.792,80.709
1.2795,2.6606,69.942
2.0857,1.2795,67.43
4.6394,2.0857,62.873
2.0267,4.6394,59.766
1.1045,2.0267,58.471
0.11686,1.1045,63.752
0.0,0.11686,61.198
0.0,0.0,56.568
0.0,0.0,51.867
0.0,0.0,47.915
0.0,0.0,44.238
0.0,0.0,41.076
0.0,0.0,39.186
0.0,0.0,36.975
0.00588,0.0,35.166
0.0,0.00588,33.429
0.0,0.0,31.639
0.16072,0.0,30.196
0.66582,0.16072,28.83
0.19833,0.66582,27.91
0.000163,0.19833,27.119
0.0048591,0.000163,25.742
0.048387,0.0048591,24.365
0.056309,0.048387,23.247
1.8317,0.056309,22.308
13.039,1.8317,21.813
3.2598,13.039,22.744
0.49918,3.2598,37.457
10.551,0.49918,44.87
1.7153,10.551,46.253
1.3061,1.7153,65.07
11.085,1.3061,63.989
6.3273,11.085,58.036
1.1035,6.3273,78.197
4.018,1.1035,96.531
9.5554,4.018,92.028
1.7047,9.5554,84.537
0.22834,1.7047,102.9
3.4168,0.22834,101.53
0.94549,3.4168,85.027
3.7181,0.94549,75.649
0.16448,3.7181,70.636
0.1243,0.16448,66.623
2.6849,0.1243,64.825
14.739,2.6849,59.499
2.518,14.739,56.115
0.20698,2.518,79.516
6.4895,0.20698,92.875
13.438,6.4895,82.726
1.0297,13.438,80.992
0.76121,1.0297,135.82
0.19469,0.76121,134.29
1.7187,0.19469,101.37
2.0139,1.7187,83.333
0.12507,2.0139,72.233
0.049735,0.12507,66.738
0.24006,0.049735,62.013
0.33728,0.24006,57.983
0.11258,0.33728,55.319
0.075092,0.11258,53.055
0.023479,0.075092,49.671
0.055125,0.023479,46.524
0.0,0.055125,43.86
1.007,0.0,41.221
0.58007,1.007,39.038
0.0033075,0.58007,37.497
0.257,0.0033075,36.212
0.304,0.257,34.209
0.17052,0.304,32.698
0.25018,0.17052,31.43
0.014047,0.25018,30.398
0.10216,0.014047,29.331
0.14712,0.10216,28.23
1.5984,0.14712,27.169
0.51646,1.5984,26.425
0.88787,0.51646,26.214
4.6586,0.88787,25.458
1.0673,4.6586,25.201
0.2786,1.0673,26.929
1.1376,0.2786,25.768
6.5201,1.1376,24.487
3.0612,6.5201,23.971
4.8341,3.0612,28.574
0.39522,4.8341,30.741
1.5421,0.39522,33.256
0.74969,1.5421,34.185
0.65602,0.74969,32.168
0.0066966,0.65602,30.541
0.0025316,0.0066966,29.232
0.00441,0.0025316,27.13
0.0,0.00441,25.543
0.0,0.0,24.44
0.0,0.0,23.394
0.0,0.0,22.527
0.0,0.0,21.69
0.12801,0.0,20.65
0.39245,0.12801,19.934
0.52111,0.39245,19.424
2.4497,0.52111,19.277
0.87285,2.4497,18.659
1.2606,0.87285,18.463
0.051123,1.2606,18.105
0.93928,0.051123,17.303
0.082932,0.93928,16.157
0.0015517,0.082932,15.557
0.0,0.0015517,15.505
0.0057575,0.0,15.11
6.3808,0.0057575,14.747
0.13887,6.3808,14.616
0.52846,0.13887,15.373
2.2161,0.52846,14.858
8.0006,2.2161,14.395
2.8436,8.0006,14.868
5.9588,2.8436,16.548
0.39771,5.9588,17.257
1.4285,0.39771,18.12
0.67893,1.4285,19.88
4.4182,0.67893,18.572
1.9734,4.4182,17.944
3.1482,1.9734,18.542
1.2395,3.1482,18.95
0.012536,1.2395,19.28
0.0,0.012536,19.043
0.015598,0.0,17.906
0.81891,0.015598,16.686
0.069334,0.81891,15.732
1.7202,0.069334,15.038
9.1426,1.7202,14.357
9.3501,9.1426,14.089
1.6258,9.3501,14.862
6.1599,1.6258,22.065
2.6595,6.1599,27.707
2.0449,2.6595,27.537
9.5331,2.0449,30.178
2.8478,9.5331,28.516
1.5226,2.8478,44.035
1.3932,1.5226,43.934
1.7975,1.3932,37.658
1.9059,1.7975,32.84
1.8875,1.9059,29.404
2.1577,1.8875,27.913
3.5161,2.1577,26.975
3.65,3.5161,26.319
1.3783,3.65,25.582
0.0,1.3783,24.922
0.0095549,0.0,25.019
0.0089424,0.0095549,23.209
3.4236,0.0089424,21.265
12.986,3.4236,20.031
4.2657,12.986,19.93
5.1286,4.2657,26.328
6.0019,5.1286,32.678
7.4222,6.0019,34.634
6.7551,7.4222,35.857
4.7272,6.7551,45.103
3.7563,4.7272,56.185
1.0073,3.7563,57.694
2.2599,1.0073,51.514
0.066721,2.2599,46.019
0.74349,0.066721,41.721
2.9677,0.74349,37.355
0.5423,2.9677,33.613
0.012127,0.5423,30.735
0.000408,0.012127,28.59
0.0,0.000408,26.232
0.0,0.0,24.374
0.0,0.0,22.432
0.0,0.0,20.829
0.0,0.0,19.489
0.0,0.0,18.426
0.71548,0.0,17.289
17.736,0.71548,16.654
0.042711,17.736,17.679
0.03479,0.042711,21.942
0.011025,0.03479,19.097
2.6304,0.011025,16.944
1.0405,2.6304,15.881
2.525,1.0405,15.705
6.1797,2.525,14.797
2.5935,6.1797,14.508
1.8796,2.5935,15.081
25.801,1.8796,14.851
2.4606,25.801,14.296
3.1999,2.4606,21.585
0.31131,3.1999,36.174
0.14091,0.31131,27.219
0.10306,0.14091,22.449
0.020743,0.10306,19.779
0.017068,0.020743,18.16
0.015108,0.017068,16.821
2.2951,0.015108,15.5
0.91327,2.2951,14.586
0.10555,0.91327,14.002
1.9377,0.10555,14.074
0.049939,1.9377,13.484
8.3074,0.049939,12.901
14.173,8.3074,12.347
4.6814,14.173,13.201
2.4099,4.6814,20.62
4.5113,2.4099,21.272
9.0282,4.5113,18.484
6.4329,9.0282,17.712
0.76754,6.4329,19.471
0.013557,0.76754,21.045
0.022744,0.013557,20.397
0.51731,0.022744,17.941
11.492,0.51731,16.147
5.3144,11.492,15.631
11.211,5.3144,18.197
3.4437,11.211,21.748
0.80519,3.4437,32.034
0.56525,0.80519,32.768
0.3528,0.56525,26.528
3.5198,0.3528,23.974
3.8982,3.5198,21.224
6.5692,3.8982,19.555
7.5726,6.5692,18.855
1.2648,7.5726,19.366
6.0261,1.2648,23.29
4.2569,6.0261,22.97
8.1224,4.2569,23.746
3.29,8.1224,24.835
0.87093,3.29,25.519
5.4622,0.87093,28.771
3.3943,5.4622,27.034
0.40857,3.3943,27.527
6.3627,0.40857,28.428
0.73846,6.3627,26.524
2.1454,0.73846,26.619
2.9599,2.1454,26.771
0.10396,2.9599,24.629
2.2976,0.10396,23.458
0.35182,2.2976,21.853
0.48334,0.35182,20.627
0.80551,0.48334,19.407
2.4333,0.80551,18.236
0.38538,2.4333,17.335
2.221,0.38538,16.9
0.1659,2.221,16.416
0.19808,0.1659,15.827
11.714,0.19808,15.244
0.68697,11.714,14.593
1.159,0.68697,16.168
4.4296,1.159,17.818
2.2445,4.4296,16.819
29.435,2.2445,16.255
3.6221,29.435,16.176
0.98175,3.6221,56.845
9.3361,0.98175,86.686
6.2977,9.3361,63.745
1.3678,6.2977,57.552
7.6135,1.3678,75.946
1.036,7.6135,66.347
2.3372,1.036,59.377
2.2024,2.3372,56.984
0.59996,2.2024,49.547
6.2265,0.59996,44.407
13.029,6.2265,40.593
1.7474,13.029,49.433
16.174,1.7474,94.187
2.0315,16.174,78.998
0.98563,2.0315,125.88
0.67117,0.98563,103.52
3.9201,0.67117,77.947
2.5176,3.9201,63.947
2.0928,2.5176,57.051
0.0,2.0928,53.261
4.08e-05,0.0,49.498
0.0,4.08e-05,44.652
4.08e-05,0.0,40.98
4.08e-05,4.08e-05,37.208
0.0,4.08e-05,34.796
0.021029,0.0,32.447
0.0,0.021029,30.357
0.0,0.0,28.963
0.37285,0.0,27.411
0.5305,0.37285,26.09
0.10327,0.5305,24.847
0.48408,0.10327,23.588
0.14728,0.48408,22.247
0.20674,0.14728,21.223
0.0037566,0.20674,20.344
0.0,0.0037566,19.407
0.075092,0.0,18.74
0.060474,0.075092,17.951
0.065047,0.060474,17.369
0.068599,0.065047,16.948
0.50163,0.068599,16.373
0.031033,0.50163,15.889
1.4925,0.031033,15.41
0.39265,1.4925,14.949
0.069089,0.39265,14.668
5.9198,0.069089,14.341
5.3376,5.9198,13.893
0.020212,5.3376,14.639
0.012903,0.020212,17.092
10.247,0.012903,15.816
1.9469,10.247,15.405
0.10425,1.9469,18.753
0.11621,0.10425,18.373
0.28587,0.11621,16.685
0.28653,0.28587,15.478
0.06227,0.28653,14.878
0.000368,0.06227,14.367
0.14385,0.000368,13.853
4.3228,0.14385,13.344
2.6857,4.3228,12.873
8.8219,2.6857,13.207
23.33,8.8219,13.779
5.3552,23.33,18.088
3.2099,5.3552,75.06
2.3778,3.2099,117.51
0.54104,2.3778,75.895
1.6374,0.54104,63.365
2.8122,1.6374,54.736
0.80886,2.8122,47.55
2.4614,0.80886,43.102
7.3265,2.4614,39.7
26.569,7.3265,37.001
3.7218,26.569,45.966
5.8753,3.7218,121.03
0.71425,5.8753,195.19
7.2002,0.71425,125.06
3.9359,7.2002,107.32
1.5552,3.9359,108.43
2.0407,1.5552,94.067
0.23957,2.0407,89.261
13.321,0.23957,81.456
0.078277,13.321,73.16
14.911,0.078277,102.54
6.7006,14.911,102.22
9.8363,6.7006,156.32
0.38567,9.8363,179.57
9.7659,0.38567,145.87
1.0063,9.7659,131.65
22.304,1.0063,124.2
14.847,22.304,125.62
14.124,14.847,194.71
1.9371,14.124,298.2
4.5007,1.9371,357.6
6.6084,4.5007,291.0
5.9902,6.6084,234.28
8.5277,5.9902,193.96
3.3791,8.5277,174.49
0.78473,3.3791,224.39
0.23475,0.78473,185.65
6.0881,0.23475,145.1
2.0497,6.0881,124.05
0.15251,2.0497,123.09
3.4174,0.15251,118.51
0.82442,3.4174,99.515
0.49939,0.82442,92.252
14.486,0.49939,83.77
4.3443,14.486,75.758
1.7848,4.3443,120.6
0.69355,1.7848,131.43
1.9671,0.69355,108.83
2.4784,1.9671,93.301
0.20498,2.4784,85.35
0.0032258,0.20498,80.75
0.0,0.0032258,74.973
0.000776,0.0,68.846
0.42319,0.000776,63.462
0.18383,0.42319,59.121
0.2488,0.18383,56.421
0.5011,0.2488,53.428
0.12193,0.5011,50.582
0.93177,0.12193,46.768
0.60641,0.93177,43.719
0.10551,0.60641,42.522
0.03381,0.10551,40.853
0.1332,0.03381,39.113
0.067456,0.1332,36.615
1.8291,0.067456,34.432
1.489,1.8291,32.146
0.086443,1.489,31.125
0.3969,0.086443,30.392
16.793,0.3969,29.845
11.962,16.793,29.787
0.63067,11.962,81.244
0.30122,0.63067,166.65
0.60984,0.30122,116.2
0.051817,0.60984,81.29
0.48938,0.051817,65.768
0.16223,0.48938,57.359
0.52993,0.16223,52.543
0.041445,0.52993,47.381
0.21584,0.041445,42.254
0.70776,0.21584,38.45
6.6652,0.70776,34.9
1.2697,6.6652,33.206
8.4801,1.2697,35.739
1.4907,8.4801,37.942
1.0339,1.4907,57.869
10.378,1.0339,70.814
0.60915,10.378,64.346
0.18657,0.60915,98.324
0.17236,0.18657,107.4
5.6586,0.17236,83.404
0.37064,5.6586,71.443
8.0226,0.37064,67.996
0.089506,8.0226,68.072
0.032993,0.089506,84.845
0.059004,0.032993,79.161
0.0010208,0.059004,67.101
0.086607,0.0010208,60.141
0.46121,0.086607,54.256
3.506,0.46121,50.428
0.32846,3.506,48.347
0.034831,0.32846,47.998
0.041772,0.034831,46.498
4.4942,0.041772,42.471
3.5968,4.4942,39.534
4.0336,3.5968,39.635
9.2933,4.0336,43.789
0.36358,9.2933,53.047
0.39432,0.36358,68.428
0.10376,0.39432,74.012
0.31911,0.10376,63.675
0.0057575,0.31911,57.587
0.000898,0.0057575,52.28
0.015149,0.000898,47.355
0.05635,0.015149,43.332
0.025153,0.05635,40.461
0.40016,0.025153,38.23
1.4862,0.40016,36.336
0.1648,1.4862,35.179
0.12597,0.1648,34.637
0.036627,0.12597,32.906
0.30314,0.036627,30.845
1.6047,0.30314,29.393
0.18783,1.6047,28.084
0.12752,0.18783,27.502
6.6045,0.12752,26.637
2.6955,6.6045,25.691
0.96154,2.6955,28.73
1.8808,0.96154,32.374
0.16619,1.8808,33.767
0.089016,0.16619,33.968
0.0,0.089016,32.421
0.023438,0.0,29.544
0.011433,0.023438,27.216
0.0,0.011433,26.016
0.0014292,0.0,24.985
0.0,0.0014292,23.723
0.0,0.0,23.14
0.0,0.0,22.395
0.0,0.0,21.41
0.0,0.0,20.591
0.0025725,0.0,19.99
0.015231,0.0025725,19.273
0.0011025,0.015231,18.578
0.0015517,0.0011025,18.42
0.0050633,0.0015517,17.842
0.31601,0.0050633,17.391
0.08383,0.31601,17.043
1.0041,0.08383,16.888
8.3618,1.0041,16.652
0.010045,8.3618,16.247
4.3287,0.010045,17.97
1.0276,4.3287,18.297
4.8532,1.0276,17.397
4.7148,4.8532,17.686
7.2585,4.7148,17.893
0.95598,7.2585,20.272
0.25692,0.95598,28.114
2.867,0.25692,31.921
15.194,2.867,27.257
16.652,15.194,26.375
1.3127,16.652,64.006
0.86117,1.3127,125.31
4.9851,0.86117,101.05
0.99453,4.9851,77.077
5.5371,0.99453,72.099
10.46,5.5371,64.326
5.2875,10.46,60.127
0.079094,5.2875,71.73
0.0,0.079094,107.14
0.0,0.0,83.321
0.0,0.0,68.164
0.0,0.0,58.735
0.0,0.0,52.078
0.0,0.0,47.046
0.0,0.0,42.755
0.0,0.0,39.476
0.0,0.0,36.618
0.0026133,0.0,34.162
0.52875,0.0026133,31.993
0.14737,0.52875,30.424
0.0,0.14737,28.636
0.0,0.0,26.999
0.0,0.0,25.396
0.0021233,0.0,24.174
1.0856,0.0021233,23.332
2.2938,1.0856,22.234
0.2361,2.2938,21.454
3.4041,0.2361,21.354
0.43814,3.4041,20.415
1.1583,0.43814,20.035
3.4145,1.1583,19.695
3.7305,3.4145,19.094
0.57411,3.7305,19.418
0.12654,0.57411,19.593
1.3422,0.12654,18.495
3.9015,1.3422,17.212
0.36578,3.9015,16.835
0.0,0.36578,17.583
0.0,0.0,16.946
0.0,0.0,15.86
0.40208,0.0,15.184
2.2388,0.40208,14.692
0.36962,2.2388,14.378
3.2594,0.36962,14.153
0.8245,3.2594,13.912
0.39865,0.8245,13.967
0.21294,0.39865,13.491
0.18011,0.21294,12.744
3.0274,0.18011,12.333
0.10629,3.0274,11.924
0.85541,0.10629,11.953
0.0,0.85541,11.718
0.04557,0.0,11.307
0.0011842,0.04557,10.919
0.0,0.0011842,10.506
0.0,0.0,10.256
0.0043283,0.0,9.94
0.33895,0.0043283,9.48
3.5078,0.33895,9.042
0.65953,3.5078,8.879
0.014863,0.65953,9.046
20.461,0.014863,9.165
0.086811,20.461,8.665
0.001715,0.086811,13.445
0.012046,0.001715,14.644
0.10057,0.012046,11.291
5.2729,0.10057,10.076
3.3717,5.2729,9.357
7.3167,3.3717,9.265
4.6138,7.3167,10.523
0.80412,4.6138,10.878
0.28199,0.80412,10.983
0.0035933,0.28199,10.596
0.19698,0.0035933,9.837
3.624,0.19698,9.125
0.0,3.624,8.541
0.0,0.0,8.535
0.0,0.0,8.147
0.0,0.0,7.459
0.0,0.0,7.209
0.0,0.0,7.006
0.0,0.0,6.64
0.0,0.0,6.358
0.00049,0.0,5.962
0.6675,0.00049,5.677
0.014332,0.6675,5.426
0.18048,0.014332,5.383
0.13769,0.18048,5.26
0.13797,0.13769,5.204
9.5992,0.13797,4.863
0.067129,9.5992,4.768
12.877,0.067129,5.131
0.52907,12.877,5.363
0.51258,0.52907,5.752
2.4825,0.51258,6.129
0.66942,2.4825,5.673
0.46917,0.66942,5.149
1.2708,0.46917,4.875
0.17015,1.2708,4.658
4.9488,0.17015,4.597
21.285,4.9488,4.395
18.89,21.285,4.774
1.8711,18.89,9.775
0.17264,1.8711,18.363
6.4166,0.17264,18.042
2.5077,6.4166,13.349
26.79,2.5077,12.123
0.69428,26.79,13.68
4.8183,0.69428,22.72
9.4999,4.8183,31.864
3.4385,9.4999,25.283
9.0702,3.4385,29.239
6.476,9.0702,31.494
0.17926,6.476,42.555
0.18632,0.17926,45.912
0.43414,0.18632,35.239
0.030666,0.43414,27.604
0.28489,0.030666,23.575
0.21339,0.28489,21.006
0.14655,0.21339,18.777
3.8616,0.14655,16.842
2.7878,3.8616,15.445
1.9804,2.7878,15.155
0.97726,1.9804,14.911
0.74324,0.97726,14.158
7.3724,0.74324,13.203
0.63385,7.3724,12.447
1.1797,0.63385,12.584
2.1976,1.1797,13.087
0.18367,2.1976,12.463
2.2454,0.18367,11.931
0.6265,2.2454,11.316
0.0052675,0.6265,10.741
0.37452,0.0052675,10.414
0.11989,0.37452,9.982
0.0,0.11989,9.457
0.0,0.0,9.089
0.000245,0.0,8.586
6.8603,0.000245,8.152
0.41474,6.8603,7.928
3.5656,0.41474,8.347
3.327,3.5656,8.474
1.47,3.327,8.331
0.86615,1.47,8.441
7.6415,0.86615,8.279
4.2515,7.6415,7.78
1.7008,4.2515,8.813
0.0049816,1.7008,9.142
0.0028583,0.0049816,8.91
0.14263,0.0028583,7.955
0.33438,0.14263,7.403
0.13152,0.33438,6.891
4.08e-05,0.13152,6.526
0.0,4.08e-05,6.185
0.0,0.0,5.847
0.037362,0.0,5.647
2.1585,0.037362,5.476
5.1331,2.1585,5.297
25.701,5.1331,5.66
32.825,25.701,5.964
4.6682,32.825,18.463
4.9609,4.6682,80.675
13.379,4.9609,72.919
4.4414,13.379,61.347
3.2038,4.4414,68.68
1.4048,3.2038,78.202
11.839,1.4048,66.005
0.77362,11.839,54.479
0.559,0.77362,56.013
0.5715,0.559,65.264
0.41903,0.5715,53.92
10.598,0.41903,44.433
2.3082,10.598,38.604
0.33009,2.3082,41.463
8.7347,0.33009,45.233
8.0379,8.7347,43.061
2.5007,8.0379,43.414
0.000408,2.5007,60.676
0.0,0.000408,60.146
0.0,0.0,51.166
0.2296,0.0,43.86
6.7205,0.2296,38.923
0.35986,6.7205,34.947
2.9046,0.35986,34.434
0.39751,2.9046,33.228
5.5303,0.39751,31.59
0.60739,5.5303,31.186
1.8804,0.60739,31.823
0.64271,1.8804,31.193
0.16247,0.64271,29.208
0.018987,0.16247,27.299
0.00098,0.018987,25.144
0.0,0.00098,23.371
0.00098,0.0,22.349
0.0056758,0.00098,21.231
0.005635,0.0056758,20.345
0.0,0.005635,19.51
0.000449,0.0,18.918
0.018865,0.000449,18.292
0.000776,0.018865,17.681
0.71062,0.000776,17.039
1.2589,0.71062,16.265
0.65798,1.2589,15.956
0.0055533,0.65798,15.823
0.013761,0.0055533,15.536
7.4656,0.013761,15.498
1.0811,7.4656,15.476
0.091997,1.0811,15.454
8.4938,0.091997,15.432
3.3173,8.4938,15.41
3.0924,3.3173,16.064
6.5577,3.0924,20.881
19.258,6.5577,23.179
1.6599,19.258,41.528
0.89984,1.6599,99.771
4.7537,0.89984,77.951
13.977,4.7537,59.923
9.1561,13.977,62.232
12.123,9.1561,95.746
3.3225,12.123,111.48
3.0147,3.3225,166.2
16.26,3.0147,132.41
10.137,16.26,113.22
0.84667,10.137,168.48
6.9049,0.84667,207.49
2.7069,6.9049,159.95
1.4699,2.7069,130.63
2.6946,1.4699,129.12
0.075827,2.6946,109.18
0.6432,0.075827,98.883
10.819,0.6432,87.702
4.3506,10.819,77.408
0.40241,4.3506,91.744
0.108,0.40241,102.87
0.27489,0.108,93.832
0.96137,0.27489,82.05
2.6726,0.96137,73.212
0.027807,2.6726,67.656
0.026011,0.027807,65.056
1.2613,0.026011,59.964
0.74679,1.2613,55.144
0.6403,0.74679,51.229
0.32973,0.6403,48.383
6.8183,0.32973,44.936
2.865,6.8183,41.723
2.9184,2.865,41.085
1.2876,2.9184,41.167
4.169,1.2876,39.107
0.21352,4.169,36.956
0.039853,0.21352,36.068
3.1875,0.039853,36.641
0.68048,3.1875,35.194
0.45267,0.68048,33.919
1.2416,0.45267,31.518
1.0617,1.2416,29.841
0.16056,1.0617,33.874
0.06962,0.16056,72.273
0.000163,0.06962,81.374
0.071662,0.000163,62.61
0.60286,0.071662,52.574
0.81013,0.60286,47.55
0.88591,0.81013,49.895
0.094038,0.88591,51.052
0.020498,0.094038,45.096
0.27423,0.020498,39.366
1.4813,0.27423,35.282
0.092283,1.4813,31.935
0.53459,0.092283,30.131
0.06815,0.53459,28.202
0.035606,0.06815,26.261
15.943,0.035606,26.715
6.9644,15.943,27.939
2.9174,6.9644,72.684
0.7568,2.9174,107.03
0.16051,0.7568,92.541
0.080482,0.16051,83.015
0.22479,0.080482,72.786
0.0020825,0.22479,64.153
0.071294,0.0020825,57.389
2.1301,0.071294,51.756
0.083585,2.1301,47.572
0.012495,0.083585,45.42
7.5735,0.012495,42.642
1.0486,7.5735,39.376
4.158,1.0486,42.803
4.764,4.158,42.82
6.4924,4.764,44.599
5.4726,6.4924,64.886
2.4221,5.4726,74.278
6.6831,2.4221,84.806
9.7374,6.6831,82.64
0.10425,9.7374,83.331
0.0,0.10425,111.04
0.000449,0.0,101.68
0.0,0.000449,83.405
0.00441,0.0,71.555
0.0020416,0.00441,62.962
0.027603,0.0020416,56.429
0.010984,0.027603,51.919
0.74855,0.010984,48.955
2.3282,0.74855,46.751
0.64096,2.3282,45.413
0.037362,0.64096,45.258
0.0067783,0.037362,42.571
0.0,0.0067783,39.654
0.0,0.0,37.342
1.8486,0.0,35.315
1.5026,1.8486,33.444
1.7054,1.5026,32.685
11.708,1.7054,32.631
12.225,11.708,32.58
22.623,12.225,43.778
14.513,22.623,76.807
0.69878,14.513,167.55
3.1902,0.69878,270.06
9.0367,3.1902,214.29
1.0569,9.0367,145.78
2.2172,1.0569,157.75
8.8702,2.2172,138.48
2.2506,8.8702,120.88
0.24451,2.2506,122.7
10.267,0.24451,125.94
0.84463,10.267,109.44
0.16619,0.84463,119.72
6.8621,0.16619,115.87
0.069579,6.8621,98.351
1.16,0.069579,101.71
0.44279,1.16,94.181
2.5987,0.44279,83.307
0.12948,2.5987,75.813
1.0689,0.12948,71.424
0.9893,1.0689,67.109
0.78689,0.9893,61.149
0.13414,0.78689,57.01
0.0015517,0.13414,52.812
0.0,0.0015517,48.698
0.0,0.0,45.477
0.0075133,0.0,42.509
0.0028175,0.0075133,40.332
0.29383,0.0028175,38.562
0.12446,0.29383,36.569
0.0041241,0.12446,34.827
1.004,0.0041241,33.208
1.0433,1.004,32.012
0.68077,1.0433,31.173
11.961,0.68077,29.772
0.93818,11.961,29.168
2.5657,0.93818,35.854
1.61,2.5657,37.416
0.05341,1.61,34.812
0.83381,0.05341,34.187
0.025357,0.83381,32.499
0.18093,0.025357,30.94
2.9857,0.18093,28.895
0.074479,2.9857,27.285
0.12548,0.074479,26.511
0.0012658,0.12548,25.995
0.0,0.0012658,24.856
0.0,0.0,23.891
0.0044508,0.0,23.024
0.0,0.0044508,22.37
0.0,0.0,21.608
0.0,0.0,20.827
1.8432,0.0,20.055
3.6591,1.8432,19.441
1.2895,3.6591,19.234
2.0635,1.2895,19.202
2.0127,2.0635,18.49
1.4492,2.0127,18.254
7.5943,1.4492,18.017
4.8765,7.5943,17.439
0.22315,4.8765,19.153
0.0053083,0.22315,21.589
0.0,0.0053083,21.765
0.0,0.0,19.7
0.51494,0.0,18.576
1.2731,0.51494,17.627
8.4732,1.2731,16.694
0.3031,8.4732,15.965
0.021601,0.3031,16.684
0.24724,0.021601,17.827
0.000204,0.24724,16.797
0.0,0.000204,15.816
0.0,0.0,15.098
0.0,0.0,14.447
0.0099224,0.0,14.017
0.0,0.0099224,13.517
0.043079,0.0,13.145
0.0,0.043079,12.721
0.027236,0.0,12.326
0.26933,0.027236,11.832
0.041364,0.26933,11.458
0.0,0.041364,11.069
0.0,0.0,10.893
0.0,0.0,10.63
0.0,0.0,10.613
0.034667,0.0,9.764
0.020294,0.034667,9.618
0.042793,0.020294,8.827
1.0349,0.042793,8.431
3.6779,1.0349,8.433
1.4441,3.6779,8.431
4.1535,1.4441,8.923
0.78783,4.1535,8.906
5.5013,0.78783,9.309
0.63924,5.5013,8.383
1.0371,0.63924,8.247
1.5474,1.0371,8.334
2.5896,1.5474,7.873
2.4082,2.5896,8.007
0.56166,2.4082,7.921
0.89694,0.56166,7.901
1.1577,0.89694,7.805
0.19351,1.1577,7.543
1.1746,0.19351,7.198
0.37415,1.1746,6.885
8.8977,0.37415,6.776
5.8168,8.8977,6.58
0.87489,5.8168,7.229
0.59829,0.87489,7.723
4.4532,0.59829,7.355
0.82295,4.4532,6.895
1.2901,0.82295,6.668
0.74341,1.2901,7.054
0.24545,0.74341,6.494
1.6151,0.24545,6.286
0.21192,1.6151,6.063
0.047366,0.21192,5.766
4.08e-05,0.047366,5.497
4.08e-05,4.08e-05,5.236
1.0984,4.08e-05,5.111
3.0467,1.0984,4.758
4.8836,3.0467,4.756
3.5318,4.8836,5.142
2.2715,3.5318,5.177
1.1501,2.2715,5.855
0.35757,1.1501,5.281
0.24606,0.35757,4.913
3.7758,0.24606,4.516
0.12099,3.7758,4.348
1.4753,0.12099,4.44
0.24753,1.4753,4.337
13.487,0.24753,4.064
2.7985,13.487,3.8
2.0986,2.7985,4.55
0.073867,2.0986,5.699
4.5199,0.073867,5.742
13.831,4.5199,4.889
1.3674,13.831,5.282
0.11176,1.3674,8.443
12.734,0.11176,9.145
0.25455,12.734,7.261
0.0024908,0.25455,8.658
0.01127,0.0024908,9.681
1.0933,0.01127,7.923
1.3611,1.0933,6.735
0.039526,1.3611,6.234
4.08e-05,0.039526,5.79
0.0,4.08e-05,5.359
0.047693,0.0,4.898
8.913,0.047693,4.613
8.7261,8.913,4.369
6.6886,8.7261,4.508
9.6557,6.6886,5.626
3.0102,9.6557,5.998
1.2616,3.0102,6.998
0.46129,1.2616,7.536
0.03675,0.46129,7.451
0.0020416,0.03675,6.502
8.17e-05,0.0020416,5.661
0.60204,8.17e-05,5.174
2.3944,0.60204,4.7
8.5492,2.3944,4.514
0.99886,8.5492,4.42
1.5191,0.99886,4.642
0.0062066,1.5191,4.757
0.22936,0.0062066,4.709
0.26966,0.22936,4.556
0.000817,0.26966,4.002
0.080033,0.000817,3.767
0.07697,0.080033,3.52
0.23099,0.07697,3.352
